/*---------------------------------------------------------- 
MASV: 18120397 - 18120399 - 18120423
HO TEN CAC THANH VIEN NHOM: 
	Nguyễn Đặng Hồng Huy
	Phạm Đức Huy
	Trịnh Tấn Khoa
LAB: 03 - NHOM 
NGAY: 28/04/2021
----------------------------------------------------------*/ 
USE [QLSVNhom]
GO

-- Thêm sinh viên
CREATE OR ALTER PROCEDURE SP_INS_SINHVIEN 
	@MASV	NVARCHAR(20),
	@HOTEN	NVARCHAR(100),
	@NGAYSINH	DATETIME,
	@DIACHI NVARCHAR(200),
	@MALOP	VARCHAR(20),
	@TENDN	NVARCHAR(100),
	@MATKHAU	VARCHAR(100)
AS
BEGIN
	SET NOCOUNT ON;
	DECLARE @MATKHAU_MD5 VARBINARY(100);
	SET @MATKHAU_MD5 = CONVERT(VARBINARY(100),HASHBYTES('MD5', @MATKHAU));
	INSERT INTO DBO.SINHVIEN
	VALUES (@MASV, @HOTEN, @NGAYSINH, @DIACHI, @MALOP, @TENDN, @MATKHAU_MD5)
END
GO

-- Login Nhân viên
CREATE PROCEDURE SP_LOGIN_NHANVIEN @USERNAME NVARCHAR(100), @PASSWORD VARCHAR(100)
AS
BEGIN
	DECLARE @MATKHAU VARBINARY(100);
	IF EXISTS (SELECT TENDN FROM DBO.NHANVIEN WHERE TENDN = @USERNAME)
	BEGIN
		SET @MATKHAU = CONVERT(VARBINARY(MAX),HASHBYTES('SHA1', @PASSWORD));
		IF EXISTS (SELECT TENDN FROM DBO.NHANVIEN WHERE TENDN = @USERNAME AND MATKHAU = @MATKHAU)
		BEGIN
			PRINT N'Đăng nhập thành công'
		END
		ELSE
		BEGIN
			RAISERROR(N'Đăng nhập không thành công',16,1)
		END
	END
	ELSE
	BEGIN
		RAISERROR( N'Tài khoản không tồn tại',16,1)
	END
END
GO

--EXEC SP_LOGIN_NHANVIEN 'NVA', '123456'

-- Xem thông tin Nhân viên
CREATE OR ALTER PROCEDURE SP_SEL_NHANVIEN @TENDN NVARCHAR(100), @HOTEN NVARCHAR(100) OUTPUT, @MANV VARCHAR(20) OUTPUT
AS
BEGIN
	IF EXISTS (SELECT HOTEN FROM DBO.NHANVIEN WHERE TENDN = @TENDN)
		SELECT @HOTEN = HOTEN, @MANV =MANV FROM DBO.NHANVIEN WHERE TENDN = @TENDN
END
GO

-- Xem thông tin lớp học do nhân viên quan lý
CREATE OR ALTER PROCEDURE SP_SEL_LOP @MANV VARCHAR(20)
AS
BEGIN
	SELECT MALOP, TENLOP FROM DBO.LOP WHERE MANV = @MANV;
END
GO

--EXEC SP_SEL_LOP 'NV01'

-- Xem danh sach sinh vien trong lop
CREATE OR ALTER PROCEDURE SP_SEL_SINHVIEN_LOP  @MALOP VARCHAR(20)
AS
BEGIN
	SELECT MASV, HOTEN FROM DBO.SINHVIEN WHERE MALOP = @MALOP;
END
GO

--EXEC SP_SEL_SINHVIEN_LOP 'CNSH'

-- Xem thông tin sinh viên
CREATE OR ALTER PROCEDURE SP_SEL1_SINHVIEN 
	@MASV		NVARCHAR(20),
	@HOTEN		NVARCHAR(100)	OUTPUT, 
	@NGAYSINH	DATETIME		OUTPUT, 
	@DIACHI		NVARCHAR(200)	OUTPUT,
	@TENLOP		NVARCHAR(100)	OUTPUT
AS
BEGIN
	DECLARE @MALOP VARCHAR(20);
	SELECT @HOTEN = HOTEN, @NGAYSINH = NGAYSINH, @DIACHI = DIACHI, @MALOP = MALOP 
	FROM DBO.SINHVIEN 
	WHERE MASV = @MASV;
	SELECT @TENLOP = TENLOP
	FROM DBO.LOP 
	WHERE MALOP = @MALOP;
END
GO

-- Cập nhật thông tin sinh viên
CREATE OR ALTER PROCEDURE SP_UPDATE_SINHVIEN  
	@MASV		NVARCHAR(20),
	@HOTEN		NVARCHAR(100), 
	@NGAYSINH	DATETIME,
	@DIACHI		NVARCHAR(200),
	@TENLOP		NVARCHAR(100),
	@MANV		VARCHAR(20)
AS
BEGIN
	DECLARE @COUNT INT;
	SELECT @COUNT = COUNT(*)
	FROM SINHVIEN SV JOIN LOP L ON L.MALOP = SV.MALOP 
					 JOIN NHANVIEN NV ON NV.MANV = L.MANV
	WHERE SV.MASV = @MASV AND NV.MANV = @MANV

	DECLARE @MALOP VARCHAR(20);
	IF EXISTS (SELECT MALOP FROM DBO.LOP WHERE TENLOP = @TENLOP)
	BEGIN
		SET @MALOP = (SELECT MALOP FROM DBO.LOP WHERE TENLOP = @TENLOP);
		IF (@COUNT > 0)
		BEGIN
			UPDATE DBO.SINHVIEN
			SET HOTEN = @HOTEN, NGAYSINH = @NGAYSINH, DIACHI = @DIACHI, MALOP = @MALOP
			WHERE MASV = @MASV;
		END
		ELSE
		BEGIN
			RAISERROR(N'Không thể chỉnh sửa sinh viên này hoặc sinh viên này không tồn tại',16,1);
		END
	END
	ELSE
	BEGIN
		RAISERROR(N'Lớp không hợp lệ',16,1);
	END

END
GO

--EXEC SP_UPDATE_SINHVIEN N'18120397',N'Nguyễn Đặng Hồng Huy','03/01/2000',N'GL',N'Công Nghệ Thông Tin',N'NV01'

-- Xem bảng điểm sinh viên
CREATE OR ALTER PROCEDURE SP_SEL_BANGDIEM 
	@MASV	NVARCHAR(20),
	@MANV	NVARCHAR(20),
	@MK		VARCHAR(100)
AS
BEGIN
	IF EXISTS (SELECT * FROM DBO.SINHVIEN WHERE MASV = @MASV)
	BEGIN
		SELECT H.MAHP, H.TENHP, H.SOTC, CONVERT(VARCHAR(MAX), DECRYPTBYASYMKEY(ASYMKEY_ID(@MANV),B.DIEMTHI, CONVERT(NVARCHAR(100),@MK))) "DIEMTHI"
		FROM DBO.HOCPHAN H, DBO.BANGDIEM B
		WHERE H.MAHP = B.MAHP AND B.MASV = @MASV
	END
	ELSE
	BEGIN
		RAISERROR(N'Sinh viên không tồn tại',16,1);
	END
END
GO

--EXEC SP_SEL_BANGDIEM '18120397', N'NV01', '123456'

-- Cập nhật bảng điểm
CREATE OR ALTER PROCEDURE SP_UPDATE_BANGDIEM 
	@MASV		NVARCHAR(20),
	@MAHP		VARCHAR(20),
	@DIEMTHI	VARCHAR(50),
	@MANV		NVARCHAR(20),
	@MK			VARCHAR(100)
AS
BEGIN
	DECLARE @SQL NVARCHAR(MAX);
	IF EXISTS (SELECT * FROM DBO.BANGDIEM WHERE MAHP = @MAHP AND MASV = @MASV)
	BEGIN
		IF ASYMKEY_ID(@MANV) IS NULL
		BEGIN
			SET @SQL = 'CREATE ASYMMETRIC KEY '  + QUOTENAME(@MANV) + ' ' +
					 'WITH ALGORITHM = RSA_2048 ' + 
					 'ENCRYPTION BY PASSWORD = ' + QUOTENAME(@MK , NCHAR(39))
			EXEC (@SQL)
		END
		UPDATE DBO.BANGDIEM
		SET DIEMTHI = ENCRYPTBYASYMKEY(ASYMKEY_ID(@MANV), @DIEMTHI)
		WHERE MASV = @MASV AND MAHP = @MAHP;
	END
	ELSE
	BEGIN
		RAISERROR(N'Không tồn tại',16,1);
	END
END
GO

--EXEC SP_UPDATE_BANGDIEM N'18120397', 'MATH01', '9.0', N'NV01', '123456'

-- Thêm data mẫu
INSERT INTO DBO.LOP VALUES('CNTT', N'Công Nghệ Thông Tin', 'NV01');
INSERT INTO DBO.LOP VALUES('CNSH', N'Công Nghệ Sinh Học', 'NV01');
INSERT INTO DBO.LOP VALUES('CNHH', N'Công Nghệ Hóa Học', 'NV02');

SELECT * FROM DBO.LOP;
GO

EXEC SP_INS_SINHVIEN '18120397', N'Nguyễn Đặng Hồng Huy', '03/01/2000', N'Gia Lai', 'CNTT', '18120397', '18120397';
EXEC SP_INS_SINHVIEN '18120399', N'Phạm Đức Huy', '07/03/2000', N'Lâm Đồng', 'CNTT', '18120399', '18120399';
EXEC SP_INS_SINHVIEN '18120423', N'Trịnh Tấn Khoa', '12/26/2000', N'An Giang', 'CNTT', '18120423', '18120423';
EXEC SP_INS_SINHVIEN '18120547', N'Ngô Nhật Tân', '03/01/2000', N'Bình Định', 'CNTT', '18120547', '18120547';
EXEC SP_INS_SINHVIEN '18120163', N'Lâm Xương Đức', '07/03/2000', N'Bình Dương', 'CNSH', '18120163', '18120163';
EXEC SP_INS_SINHVIEN '18120414', N'Lâm Ngọc Anh Khoa', '12/26/2000', N'Kiên Giang', 'CNSH', '18120414', '18120414';
EXEC SP_INS_SINHVIEN '18120422', N'Trần Thái Đăng Khoa', '03/01/1999', N'Nghệ An', 'CNSH', '18120422', '18120422';
EXEC SP_INS_SINHVIEN '18120421', N'Trần Lê Anh Khoa', '07/03/1999', N'Hà Tĩnh', 'CNSH', '18120421', '18120421';
EXEC SP_INS_SINHVIEN '18120388', N'Võ Nguyễn Lê Hoàng', '12/26/1999', N'Gia Lai', 'CNHH', '18120388', '18120388';
EXEC SP_INS_SINHVIEN '1712779', N'Trương Thị Thu Thảo', '03/01/1999', N'Đồng Nai', 'CNHH', '1712779', '1712779';
EXEC SP_INS_SINHVIEN '1712935', N'PHOMMALA SISOUVANH', '07/03/1999', N'Lào', 'CNHH', '1712935', '1712935';
EXEC SP_INS_SINHVIEN '18120400', N'Ka Răng Sun Thuýt', '12/26/1999', N'Hà Nội', 'CNHH', '18120400', '18120400';
EXEC SP_INS_SINHVIEN '18120662', N'Trà Anh Toàn', '4/15/2000', N'Lạng Sơn', 'CNTT', '18120662', '18120662';

EXEC SP_INS_SINHVIEN '18120163', N'Lâm Xương Đức', '6/28/2000', N'Quảng Ngãi', 'CNHH', '18120163', '18120163';
EXEC SP_INS_SINHVIEN '18120047', N'Nguyễn Duy Thiên Kim', '5/22/2000', N'Bắc Kạn', 'CNHH', '18120047', '18120047';
EXEC SP_INS_SINHVIEN '1712468', N'Võ Công Huân', '6/8/2000', N'Hà Tĩnh', 'CNTT', '1712468', '1712468';
EXEC SP_INS_SINHVIEN '18120447', N'Lê Hoàng Long', '7/5/1999', N'Lào Cai', 'CNHH', '18120447', '18120447';
EXEC SP_INS_SINHVIEN '18120399', N'Phạm Đức Huy', '4/10/1999', N'Vĩnh Phúc', 'CNHH', '18120399', '18120399';
EXEC SP_INS_SINHVIEN '18120414', N'Lâm Ngọc Anh Khoa', '1/20/2000', N'Bắc Kạn', 'CNSH', '18120414', '18120414';
EXEC SP_INS_SINHVIEN '18120422', N'Trần Thái Đăng Khoa', '12/20/1999', N'Nam Định', 'CNHH', '18120422', '18120422';
EXEC SP_INS_SINHVIEN '18120552', N'Võ Minh Tân', '2/10/1999', N'Bà Rịa - Vũng Tàu', 'CNTT', '18120552', '18120552';
EXEC SP_INS_SINHVIEN '18120554', N'Nguyễn Quốc Thái', '10/8/1999', N'Thái Bình', 'CNHH', '18120554', '18120554';
EXEC SP_INS_SINHVIEN '18120556', N'Hồng Minh Thắng', '10/10/1999', N'Đồng Tháp', 'CNTT', '18120556', '18120556';
EXEC SP_INS_SINHVIEN '18120387', N'Trần Hữu Hoàng', '4/26/1999', N'Bắc Ninh', 'CNTT', '18120387', '18120387';
EXEC SP_INS_SINHVIEN '18120418', N'Phạm Minh Khoa', '11/13/1999', N'Đà Nẵng', 'CNTT', '18120418', '18120418';
EXEC SP_INS_SINHVIEN '18120383', N'Huỳnh Ngọc Hoà', '11/6/2000', N'Đồng Nai', 'CNTT', '18120383', '18120383';
EXEC SP_INS_SINHVIEN '18120518', N'Phạm Thị Bích Phượng', '3/24/2000', N'Bắc Ninh', 'CNTT', '18120518', '18120518';
EXEC SP_INS_SINHVIEN '18120538', N'Võ Nguyễn Hồng Sơn', '11/18/1999', N'Kiên Giang', 'CNSH', '18120538', '18120538';
EXEC SP_INS_SINHVIEN '18120580', N'Đinh Quang Thọ', '5/27/1999', N'Thừa Thiên Huế', 'CNSH', '18120580', '18120580';
EXEC SP_INS_SINHVIEN '18120583', N'Trương Quốc Thuận', '2/5/2000', N'Tây Ninh', 'CNTT', '18120583', '18120583';
EXEC SP_INS_SINHVIEN '18120605', N'Hoàng Thị Thùy Trang', '9/7/2000', N'Quảng Ninh', 'CNSH', '18120605', '18120605';
EXEC SP_INS_SINHVIEN '18120632', N'Lê Nhật Tuấn', '5/24/2000', N'Hà Tĩnh', 'CNSH', '18120632', '18120632';
EXEC SP_INS_SINHVIEN '18120444', N'Dương Thành Long', '4/9/1999', N'Phú Yên', 'CNSH', '18120444', '18120444';
EXEC SP_INS_SINHVIEN '18120490', N'Lăng Văn Nhàn', '4/4/2000', N'Kon Tum', 'CNSH', '18120490', '18120490';
EXEC SP_INS_SINHVIEN '18120501', N'Nguyễn Thành Phát', '2/18/2000', N'Kiên Giang', 'CNHH', '18120501', '18120501';
EXEC SP_INS_SINHVIEN '18120287', N'Phan Xuân Bảo', '6/18/2000', N'Bình Phước', 'CNSH', '18120287', '18120287';
EXEC SP_INS_SINHVIEN '18120631', N'Lê Nguyên Tuấn', '11/18/2000', N'Lào Cai', 'CNHH', '18120631', '18120631';
EXEC SP_INS_SINHVIEN '1712894', N'Đặng Thị Thúy Uyên', '10/28/1999', N'Hà Giang', 'CNTT', '1712894', '1712894';
EXEC SP_INS_SINHVIEN '18120241', N'Trần Quốc Thịnh', '1/2/2000', N'Sóc Trăng', 'CNHH', '18120241', '18120241';
EXEC SP_INS_SINHVIEN '18120302', N'Phạm Hải Đăng', '12/15/1999', N'Đà Nẵng', 'CNTT', '18120302', '18120302';
EXEC SP_INS_SINHVIEN '18120303', N'Phan Khắc Thành Danh', '9/13/2000', N'Đắk Nông', 'CNTT', '18120303', '18120303';
EXEC SP_INS_SINHVIEN '18120247', N'Phạm Hồ Ngọc Trâm', '6/18/1999', N'Trà Vinh', 'CNSH', '18120247', '18120247';
EXEC SP_INS_SINHVIEN '18120261', N'Phạm Hoàng Việt', '11/10/1999', N'Bạc Liêu', 'CNTT', '18120261', '18120261';
EXEC SP_INS_SINHVIEN '18120213', N'Võ Đại Nam', '10/7/2000', N'Hải Dương', 'CNHH', '18120213', '18120213';
EXEC SP_INS_SINHVIEN '18120158', N'Lý Ngọc Bình', '1/3/2000', N'Sóc Trăng', 'CNTT', '18120158', '18120158';
EXEC SP_INS_SINHVIEN '18120169', N'Nguyễn Thùy Dương', '8/8/2000', N'Đắk Nông', 'CNHH', '18120169', '18120169';
EXEC SP_INS_SINHVIEN '18120175', N'Nguyễn Vũ Hà', '4/22/2000', N'Phú Thọ', 'CNSH', '18120175', '18120175';
EXEC SP_INS_SINHVIEN '18120358', N'Nguyễn Văn Hảo', '8/12/2000', N'Khánh Hòa', 'CNTT', '18120358', '18120358';
EXEC SP_INS_SINHVIEN '18120367', N'Trần Nhật Hiệp', '12/18/1999', N'Tiền Giang', 'CNSH', '18120367', '18120367';
EXEC SP_INS_SINHVIEN '18120370', N'Đinh Thị Minh Hiếu', '2/23/1999', N'Bình Dương', 'CNHH', '18120370', '18120370';
EXEC SP_INS_SINHVIEN '18120553', N'Nguyễn Lê Ngọc Tần', '1/2/2000', N'Hà Nội', 'CNTT', '18120553', '18120553';
EXEC SP_INS_SINHVIEN '18120614', N'Nguyễn Văn Trị', '11/24/2000', N'TP HCM', 'CNSH', '18120614', '18120614';
EXEC SP_INS_SINHVIEN '18120448', N'Nguyễn Đại Long', '11/28/1999', N'Đà Nẵng', 'CNTT', '18120448', '18120448';
EXEC SP_INS_SINHVIEN '18120334', N'Nguyễn Trí Dũng', '12/24/2000', N'Long An', 'CNTT', '18120334', '18120334';
EXEC SP_INS_SINHVIEN '18120349', N'Nguyễn Thanh Hải', '9/2/1999', N'Vĩnh Phúc', 'CNSH', '18120349', '18120349';
EXEC SP_INS_SINHVIEN '18120366', N'Nguyễn Văn Hiệp', '7/19/2000', N'Quảng Ninh', 'CNHH', '18120366', '18120366';
EXEC SP_INS_SINHVIEN '18120102', N'Nguyễn Ích Tú', '8/24/2000', N'Hà Giang', 'CNHH', '18120102', '18120102';
EXEC SP_INS_SINHVIEN '18120603', N'Lý Quỳnh Trâm', '8/16/2000', N'Vĩnh Phúc', 'CNHH', '18120603', '18120603';
EXEC SP_INS_SINHVIEN '18120646', N'Trần Thị Vi', '7/7/2000', N'Sơn La', 'CNTT', '18120646', '18120646';
EXEC SP_INS_SINHVIEN '18120396', N'Ngô Quang Huy', '7/23/2000', N'Phú Yên', 'CNSH', '18120396', '18120396';
EXEC SP_INS_SINHVIEN '18120397', N'Nguyễn Đặng Hồng Huy', '8/24/1999', N'Hải Dương', 'CNHH', '18120397', '18120397';
EXEC SP_INS_SINHVIEN '18120401', N'Mai Khánh Huyền', '4/7/2000', N'Hà Giang', 'CNHH', '18120401', '18120401';
EXEC SP_INS_SINHVIEN '18120606', N'Trần Thị Trang', '12/18/2000', N'Bình Thuận', 'CNHH', '18120606', '18120606';
EXEC SP_INS_SINHVIEN '18120609', N'Hồ Khắc Minh Trí', '11/20/2000', N'Hậu Giang', 'CNSH', '18120609', '18120609';
EXEC SP_INS_SINHVIEN '18120634', N'Nguyễn Lê Anh Tuấn', '8/14/1999', N'Hải Phòng', 'CNHH', '18120634', '18120634';
EXEC SP_INS_SINHVIEN '18120469', N'Nguyễn Hoài Nam', '7/17/2000', N'Tuyên Quang', 'CNTT', '18120469', '18120469';
EXEC SP_INS_SINHVIEN '18120510', N'Cao Xuân Hồng Phúc', '2/22/2000', N'Sơn La', 'CNTT', '18120510', '18120510';
EXEC SP_INS_SINHVIEN '18120227', N'Phạm Văn Minh Phương', '7/21/2000', N'Đà Nẵng', 'CNHH', '18120227', '18120227';
EXEC SP_INS_SINHVIEN '18120435', N'Nguyễn Chí Lập', '7/18/1999', N'Bà Rịa - Vũng Tàu', 'CNTT', '18120435', '18120435';
EXEC SP_INS_SINHVIEN '18120378', N'Trần Văn Hiếu', '11/9/1999', N'Cần Thơ', 'CNHH', '18120378', '18120378';
EXEC SP_INS_SINHVIEN '18120446', N'HUỲNH HOÀNG LONG', '4/15/2000', N'Vĩnh Long', 'CNSH', '18120446', '18120446';
EXEC SP_INS_SINHVIEN '18120196', N'Nguyễn Đình Lộc', '6/19/1999', N'Hà Nội', 'CNSH', '18120196', '18120196';
EXEC SP_INS_SINHVIEN '18120306', N'Lê Thọ Đạt', '4/12/1999', N'Gia Lai', 'CNSH', '18120306', '18120306';
EXEC SP_INS_SINHVIEN '18120641', N'Nguyễn Bách Tùng', '8/9/2000', N'Cà Mau', 'CNSH', '18120641', '18120641';
EXEC SP_INS_SINHVIEN '18120273', N'Phạm Hoàng An', '9/17/2000', N'Nghệ An', 'CNHH', '18120273', '18120273';
EXEC SP_INS_SINHVIEN '18120237', N'Bạch Tăng Thắng', '1/16/2000', N'Bình Định', 'CNSH', '18120237', '18120237';
EXEC SP_INS_SINHVIEN '18120299', N'Trương Công Quốc Cường', '5/28/1999', N'Quảng Ninh', 'CNSH', '18120299', '18120299';
EXEC SP_INS_SINHVIEN '18120214', N'Lê Ngọc Bảo Ngân', '3/9/1999', N'Hòa Bình', 'CNHH', '18120214', '18120214';
EXEC SP_INS_SINHVIEN '18120215', N'Vũ Yến Ngọc', '5/19/1999', N'Vĩnh Phúc', 'CNHH', '18120215', '18120215';
EXEC SP_INS_SINHVIEN '18120456', N'Lại Bùi Thành Luân', '2/21/1999', N'Quảng Ninh', 'CNSH', '18120456', '18120456';
EXEC SP_INS_SINHVIEN '18120645', N'Bùi Thanh Uy', '3/21/1999', N'Tây Ninh', 'CNHH', '18120645', '18120645';
EXEC SP_INS_SINHVIEN '18120557', N'Võ Đức Thắng', '9/12/2000', N'Bình Thuận', 'CNHH', '18120557', '18120557';
EXEC SP_INS_SINHVIEN '18120627', N'Lê Huỳnh Quang Trường', '2/15/2000', N'Khánh Hòa', 'CNSH', '18120627', '18120627';
EXEC SP_INS_SINHVIEN '1712373', N'Huỳnh Nhật Dương', '12/2/1999', N'Bình Thuận', 'CNTT', '1712373', '1712373';
EXEC SP_INS_SINHVIEN '1712308', N'Nguyễn Chí Cường', '5/4/1999', N'Hà Tĩnh', 'CNTT', '1712308', '1712308';
EXEC SP_INS_SINHVIEN '1712362', N'Trịnh Cao Văn Đức', '5/10/1999', N'Kiên Giang', 'CNSH', '1712362', '1712362';
EXEC SP_INS_SINHVIEN '1712935', N'PHOMMALA SISOUVANH', '3/9/1999', N'Tuyên Quang', 'CNSH', '1712935', '1712935';
EXEC SP_INS_SINHVIEN '18120637', N'Ừng Văn Tuấn', '12/21/2000', N'Bạc Liêu', 'CNSH', '18120637', '18120637';
EXEC SP_INS_SINHVIEN '18120657', N'Trình Xuân Vỹ', '12/9/2000', N'Hòa Bình', 'CNTT', '18120657', '18120657';
EXEC SP_INS_SINHVIEN '18120577', N'Nguyễn Phúc Hưng Thịnh', '12/8/1999', N'Quảng Ninh', 'CNHH', '18120577', '18120577';
EXEC SP_INS_SINHVIEN '18120642', N'Tống Sơn Tùng', '7/20/1999', N'Kon Tum', 'CNSH', '18120642', '18120642';
EXEC SP_INS_SINHVIEN '1712781', N'Trần Vương Thiên', '1/26/1999', N'Bắc Kạn', 'CNSH', '1712781', '1712781';
EXEC SP_INS_SINHVIEN '18120400', N'Trần Minh Huy', '5/16/1999', N'An Giang', 'CNSH', '18120400', '18120400';
EXEC SP_INS_SINHVIEN '18120560', N'Lê Hữu Thanh', '4/20/2000', N'Lào Cai', 'CNSH', '18120560', '18120560';
EXEC SP_INS_SINHVIEN '18120570', N'Nguyễn Thanh Thi', '8/17/1999', N'Bạc Liêu', 'CNTT', '18120570', '18120570';
EXEC SP_INS_SINHVIEN '18120590', N'Lê Việt Tiến', '10/13/2000', N'Sơn La', 'CNTT', '18120590', '18120590';
EXEC SP_INS_SINHVIEN '18120513', N'Nguyễn Hoàng Đức Phúc', '11/16/2000', N'Hà Nam', 'CNHH', '18120513', '18120513';
EXEC SP_INS_SINHVIEN '18120635', N'Nguyễn Xuân Tuấn', '7/14/1999', N'Thái Nguyên', 'CNTT', '18120635', '18120635';
EXEC SP_INS_SINHVIEN '18120636', N'Trần Ngọc Tuấn', '1/4/2000', N'Kon Tum', 'CNSH', '18120636', '18120636';
EXEC SP_INS_SINHVIEN '18120254', N'Nguyễn Huy Tú', '2/19/1999', N'Yên Bái', 'CNSH', '18120254', '18120254';
EXEC SP_INS_SINHVIEN '18120035', N'Đoàn Nguyễn Tấn Hưng', '9/18/2000', N'Bình Dương', 'CNSH', '18120035', '18120035';
EXEC SP_INS_SINHVIEN '18120263', N'Nguyễn Quang Vinh', '9/25/1999', N'Đắk Nông', 'CNHH', '18120263', '18120263';
EXEC SP_INS_SINHVIEN '18120154', N'Võ Thiện An', '7/26/1999', N'Yên Bái', 'CNTT', '18120154', '18120154';
EXEC SP_INS_SINHVIEN '18120180', N'Võ Xuân Hoà', '4/22/2000', N'Phú Yên', 'CNHH', '18120180', '18120180';
EXEC SP_INS_SINHVIEN '18120072', N'Phạm Lê Hoài Phương', '3/25/1999', N'Bắc Ninh', 'CNSH', '18120072', '18120072';
EXEC SP_INS_SINHVIEN '18120098', N'Hoàng Trần Thành Trung', '8/11/2000', N'Phú Thọ', 'CNTT', '18120098', '18120098';
EXEC SP_INS_SINHVIEN '18120176', N'Văn Trọng Hân', '9/21/2000', N'Sơn La', 'CNSH', '18120176', '18120176';
EXEC SP_INS_SINHVIEN '1612647', N'Lê Văn Thi', '1/11/1999', N'Tây Ninh', 'CNHH', '1612647', '1612647';
EXEC SP_INS_SINHVIEN '18120217', N'Nguyễn Trần Ái Nguyên', '1/4/1999', N'Điện Biên', 'CNHH', '18120217', '18120217';
EXEC SP_INS_SINHVIEN '18120437', N'Ngô Thị Thùy Linh', '10/19/1999', N'Đà Nẵng', 'CNHH', '18120437', '18120437';
EXEC SP_INS_SINHVIEN '18120281', N'Ksor Âu', '4/25/1999', N'An Giang', 'CNSH', '18120281', '18120281';
EXEC SP_INS_SINHVIEN '18120065', N'Đinh Nguyễn Tấn Nguyên', '11/8/1999', N'TP HCM', 'CNSH', '18120065', '18120065';
EXEC SP_INS_SINHVIEN '1712779', N'Trương Thị Thu Thảo', '4/23/2000', N'Nam Định', 'CNSH', '1712779', '1712779';
EXEC SP_INS_SINHVIEN '1612647', N'Lê Văn Thi', '7/21/1999', N'Bắc Giang', 'CNTT', '1612647', '1612647';

SELECT * FROM DBO.SINHVIEN ORDER BY MASV;
GO

INSERT INTO DBO.HOCPHAN VALUES('MATH01', N'Phương Pháp Tính', 4);
INSERT INTO DBO.HOCPHAN VALUES('INTE01', N'Nhập Môn Lập Trình', 3);
INSERT INTO DBO.HOCPHAN VALUES('DCVN01', N'Tư Tưởng Hồ Chí Minh', 2);
INSERT INTO DBO.HOCPHAN VALUES('INTE02', N'Cấu Trúc Dữ Liệu Và Giải Thuật', 4);
INSERT INTO DBO.HOCPHAN VALUES('MATH02', N'Cộng Trừ Toán Học', 1);
INSERT INTO DBO.HOCPHAN VALUES('MATH03', N'Vi Tích Phân 1B', 4);
INSERT INTO DBO.HOCPHAN VALUES('MATH04', N'Vi Tích Phân 2B', 4);
INSERT INTO DBO.HOCPHAN VALUES('MATH05', N'Đại Số Tuyến Tính', 4);
INSERT INTO DBO.HOCPHAN VALUES('MATH06', N'Xác Xuất Thống Kê', 4);
INSERT INTO DBO.HOCPHAN VALUES('MATH07', N'Toán Học Tổ Hợp', 4);
INSERT INTO DBO.HOCPHAN VALUES('MATH08', N'Toán Học Rời Rạc', 4);
INSERT INTO DBO.HOCPHAN VALUES('MATH09', N'Lý Thuyết Số', 4);


INSERT INTO DBO.HOCPHAN VALUES('INTE03', N'Lập Trình Hướng Đối Tượng', 4);
INSERT INTO DBO.HOCPHAN VALUES('INTE04', N'Kĩ Thuật Lập Trình', 4);
INSERT INTO DBO.HOCPHAN VALUES('INTE05', N'Mạng Máy Tính', 4);
INSERT INTO DBO.HOCPHAN VALUES('INTE06', N'Cơ Sỡ Dữ Liệu', 4);
INSERT INTO DBO.HOCPHAN VALUES('INTE07', N'Hệ Điều Hành', 4);
INSERT INTO DBO.HOCPHAN VALUES('INTE08', N'Kiến Trúc Máy Tính Và Hợp Ngữ', 4);
INSERT INTO DBO.HOCPHAN VALUES('INTE09', N'Bảo Mật Cơ Sỡ Dữ Liệu', 4);

INSERT INTO DBO.HOCPHAN VALUES('DCVN02', N'Mác Lê Nin', 5);

SELECT * FROM DBO.HOCPHAN
GO

INSERT INTO DBO.BANGDIEM VALUES('18120397', 'MATH01', NULL);
INSERT INTO DBO.BANGDIEM VALUES('18120397', 'INTE01', NULL);
INSERT INTO DBO.BANGDIEM VALUES('18120399', 'DCVN01', NULL);
INSERT INTO DBO.BANGDIEM VALUES('18120399', 'INTE02', NULL);
INSERT INTO DBO.BANGDIEM VALUES('18120547', 'MATH02', NULL);
INSERT INTO DBO.BANGDIEM VALUES('18120547', 'MATH01', NULL);
INSERT INTO DBO.BANGDIEM VALUES('18120163', 'MATH02', NULL);
INSERT INTO DBO.BANGDIEM VALUES('18120163', 'INTE02', NULL);
INSERT INTO DBO.BANGDIEM VALUES('18120414', 'INTE01', NULL);
INSERT INTO DBO.BANGDIEM VALUES('18120422', 'INTE01', NULL);
INSERT INTO DBO.BANGDIEM VALUES('18120421', 'DCVN01', NULL);
INSERT INTO DBO.BANGDIEM VALUES('18120388', 'DCVN01', NULL);
INSERT INTO DBO.BANGDIEM VALUES('18120400', 'MATH01', NULL);
INSERT INTO DBO.BANGDIEM VALUES('18120400', 'DCVN01', NULL);
INSERT INTO DBO.BANGDIEM VALUES('18120414', 'DCVN01', NULL);
INSERT INTO DBO.BANGDIEM VALUES('18120422', 'INTE02', NULL);
INSERT INTO DBO.BANGDIEM VALUES('18120421', 'INTE02', NULL);
INSERT INTO DBO.BANGDIEM VALUES('18120388', 'MATH02', NULL);
INSERT INTO DBO.BANGDIEM VALUES('1712779', 'MATH02', NULL);
INSERT INTO DBO.BANGDIEM VALUES('1712779', 'DCVN01', NULL);
INSERT INTO DBO.BANGDIEM VALUES('1712935', 'INTE01', NULL);
INSERT INTO DBO.BANGDIEM VALUES('1712935', 'MATH01', NULL);
INSERT INTO DBO.BANGDIEM VALUES('18120662', 'MATH01', NULL);
INSERT INTO DBO.BANGDIEM VALUES('18120662', 'MATH02', NULL);
INSERT INTO DBO.BANGDIEM VALUES('18120662', 'MATH03', NULL);
INSERT INTO DBO.BANGDIEM VALUES('18120662', 'MATH04', NULL);
INSERT INTO DBO.BANGDIEM VALUES('18120662', 'MATH05', NULL);
INSERT INTO DBO.BANGDIEM VALUES('18120662', 'MATH06', NULL);
INSERT INTO DBO.BANGDIEM VALUES('18120662', 'MATH07', NULL);
INSERT INTO DBO.BANGDIEM VALUES('18120662', 'MATH08', NULL);
INSERT INTO DBO.BANGDIEM VALUES('18120662', 'MATH09', NULL);
INSERT INTO DBO.BANGDIEM VALUES('18120662', 'INTE01', NULL);
INSERT INTO DBO.BANGDIEM VALUES('18120662', 'INTE02', NULL);
INSERT INTO DBO.BANGDIEM VALUES('18120662', 'INTE03', NULL);
INSERT INTO DBO.BANGDIEM VALUES('18120662', 'INTE04', NULL);
INSERT INTO DBO.BANGDIEM VALUES('18120662', 'INTE05', NULL);
INSERT INTO DBO.BANGDIEM VALUES('18120662', 'INTE06', NULL);
INSERT INTO DBO.BANGDIEM VALUES('18120662', 'INTE07', NULL);
INSERT INTO DBO.BANGDIEM VALUES('18120662', 'INTE08', NULL);
INSERT INTO DBO.BANGDIEM VALUES('18120662', 'INTE09', NULL);
INSERT INTO DBO.BANGDIEM VALUES('18120662', 'DCVN01', NULL);
INSERT INTO DBO.BANGDIEM VALUES('18120662', 'DCVN02', NULL);
INSERT INTO DBO.BANGDIEM VALUES('18120547', 'MATH03', NULL);
INSERT INTO DBO.BANGDIEM VALUES('18120547', 'MATH04', NULL);
INSERT INTO DBO.BANGDIEM VALUES('18120547', 'MATH05', NULL);
INSERT INTO DBO.BANGDIEM VALUES('18120547', 'MATH06', NULL);
INSERT INTO DBO.BANGDIEM VALUES('18120547', 'MATH07', NULL);
INSERT INTO DBO.BANGDIEM VALUES('18120547', 'MATH08', NULL);
INSERT INTO DBO.BANGDIEM VALUES('18120547', 'MATH09', NULL);
INSERT INTO DBO.BANGDIEM VALUES('18120547', 'INTE01', NULL);
INSERT INTO DBO.BANGDIEM VALUES('18120547', 'INTE02', NULL);
INSERT INTO DBO.BANGDIEM VALUES('18120547', 'INTE03', NULL);
INSERT INTO DBO.BANGDIEM VALUES('18120547', 'INTE04', NULL);
INSERT INTO DBO.BANGDIEM VALUES('18120547', 'INTE05', NULL);
INSERT INTO DBO.BANGDIEM VALUES('18120547', 'INTE06', NULL);
INSERT INTO DBO.BANGDIEM VALUES('18120547', 'INTE07', NULL);
INSERT INTO DBO.BANGDIEM VALUES('18120547', 'INTE08', NULL);
INSERT INTO DBO.BANGDIEM VALUES('18120547', 'INTE09', NULL);
INSERT INTO DBO.BANGDIEM VALUES('18120547', 'DCVN01', NULL);
INSERT INTO DBO.BANGDIEM VALUES('18120547', 'DCVN02', NULL);
INSERT INTO DBO.BANGDIEM VALUES('18120547', 'DCVN03', NULL);
INSERT INTO DBO.BANGDIEM VALUES('18120192', 'MATH01', NULL);
INSERT INTO DBO.BANGDIEM VALUES('18120192', 'MATH02', NULL);
INSERT INTO DBO.BANGDIEM VALUES('18120192', 'MATH03', NULL);
INSERT INTO DBO.BANGDIEM VALUES('18120192', 'MATH04', NULL);
INSERT INTO DBO.BANGDIEM VALUES('18120192', 'MATH05', NULL);
INSERT INTO DBO.BANGDIEM VALUES('18120192', 'MATH06', NULL);
INSERT INTO DBO.BANGDIEM VALUES('18120192', 'MATH07', NULL);
INSERT INTO DBO.BANGDIEM VALUES('18120192', 'MATH08', NULL);
INSERT INTO DBO.BANGDIEM VALUES('18120192', 'MATH09', NULL);
INSERT INTO DBO.BANGDIEM VALUES('18120192', 'INTE01', NULL);
INSERT INTO DBO.BANGDIEM VALUES('18120192', 'INTE02', NULL);
INSERT INTO DBO.BANGDIEM VALUES('18120192', 'INTE03', NULL);
INSERT INTO DBO.BANGDIEM VALUES('18120192', 'INTE04', NULL);
INSERT INTO DBO.BANGDIEM VALUES('18120192', 'INTE05', NULL);
INSERT INTO DBO.BANGDIEM VALUES('18120192', 'INTE06', NULL);
INSERT INTO DBO.BANGDIEM VALUES('18120192', 'INTE07', NULL);
INSERT INTO DBO.BANGDIEM VALUES('18120192', 'INTE08', NULL);
INSERT INTO DBO.BANGDIEM VALUES('18120192', 'INTE09', NULL);
INSERT INTO DBO.BANGDIEM VALUES('18120192', 'DCVN01', NULL);
INSERT INTO DBO.BANGDIEM VALUES('18120192', 'DCVN02', NULL);
INSERT INTO DBO.BANGDIEM VALUES('18120192', 'DCVN03', NULL);
INSERT INTO DBO.BANGDIEM VALUES('18120545', 'MATH01', NULL);
INSERT INTO DBO.BANGDIEM VALUES('18120545', 'MATH02', NULL);
INSERT INTO DBO.BANGDIEM VALUES('18120545', 'MATH03', NULL);
INSERT INTO DBO.BANGDIEM VALUES('18120545', 'MATH04', NULL);
INSERT INTO DBO.BANGDIEM VALUES('18120545', 'MATH05', NULL);
INSERT INTO DBO.BANGDIEM VALUES('18120545', 'MATH06', NULL);
INSERT INTO DBO.BANGDIEM VALUES('18120545', 'MATH07', NULL);
INSERT INTO DBO.BANGDIEM VALUES('18120545', 'MATH08', NULL);
INSERT INTO DBO.BANGDIEM VALUES('18120545', 'MATH09', NULL);
INSERT INTO DBO.BANGDIEM VALUES('18120545', 'INTE01', NULL);
INSERT INTO DBO.BANGDIEM VALUES('18120545', 'INTE02', NULL);
INSERT INTO DBO.BANGDIEM VALUES('18120545', 'INTE03', NULL);
INSERT INTO DBO.BANGDIEM VALUES('18120545', 'INTE04', NULL);
INSERT INTO DBO.BANGDIEM VALUES('18120545', 'INTE05', NULL);
INSERT INTO DBO.BANGDIEM VALUES('18120545', 'INTE06', NULL);
INSERT INTO DBO.BANGDIEM VALUES('18120545', 'INTE07', NULL);
INSERT INTO DBO.BANGDIEM VALUES('18120545', 'INTE08', NULL);
INSERT INTO DBO.BANGDIEM VALUES('18120545', 'INTE09', NULL);
INSERT INTO DBO.BANGDIEM VALUES('18120545', 'DCVN01', NULL);
INSERT INTO DBO.BANGDIEM VALUES('18120545', 'DCVN02', NULL);
INSERT INTO DBO.BANGDIEM VALUES('18120545', 'DCVN03', NULL);
INSERT INTO DBO.BANGDIEM VALUES('18120163', 'MATH01', NULL);
INSERT INTO DBO.BANGDIEM VALUES('18120163', 'MATH02', NULL);
INSERT INTO DBO.BANGDIEM VALUES('18120163', 'MATH03', NULL);
INSERT INTO DBO.BANGDIEM VALUES('18120163', 'MATH04', NULL);
INSERT INTO DBO.BANGDIEM VALUES('18120163', 'MATH05', NULL);
INSERT INTO DBO.BANGDIEM VALUES('18120163', 'MATH06', NULL);
INSERT INTO DBO.BANGDIEM VALUES('18120163', 'MATH07', NULL);
INSERT INTO DBO.BANGDIEM VALUES('18120163', 'MATH08', NULL);
INSERT INTO DBO.BANGDIEM VALUES('18120163', 'MATH09', NULL);
INSERT INTO DBO.BANGDIEM VALUES('18120163', 'INTE01', NULL);
INSERT INTO DBO.BANGDIEM VALUES('18120163', 'INTE02', NULL);
INSERT INTO DBO.BANGDIEM VALUES('18120163', 'INTE03', NULL);
INSERT INTO DBO.BANGDIEM VALUES('18120163', 'INTE04', NULL);
INSERT INTO DBO.BANGDIEM VALUES('18120163', 'INTE05', NULL);
INSERT INTO DBO.BANGDIEM VALUES('18120163', 'INTE06', NULL);
INSERT INTO DBO.BANGDIEM VALUES('18120163', 'INTE07', NULL);
INSERT INTO DBO.BANGDIEM VALUES('18120163', 'INTE08', NULL);
INSERT INTO DBO.BANGDIEM VALUES('18120163', 'INTE09', NULL);
INSERT INTO DBO.BANGDIEM VALUES('18120163', 'DCVN01', NULL);
INSERT INTO DBO.BANGDIEM VALUES('18120163', 'DCVN02', NULL);
INSERT INTO DBO.BANGDIEM VALUES('18120163', 'DCVN03', NULL);
INSERT INTO DBO.BANGDIEM VALUES('18120047', 'MATH01', NULL);
INSERT INTO DBO.BANGDIEM VALUES('18120047', 'MATH02', NULL);
INSERT INTO DBO.BANGDIEM VALUES('18120047', 'MATH03', NULL);
INSERT INTO DBO.BANGDIEM VALUES('18120047', 'MATH04', NULL);
INSERT INTO DBO.BANGDIEM VALUES('18120047', 'MATH05', NULL);
INSERT INTO DBO.BANGDIEM VALUES('18120047', 'MATH06', NULL);
INSERT INTO DBO.BANGDIEM VALUES('18120047', 'MATH07', NULL);
INSERT INTO DBO.BANGDIEM VALUES('18120047', 'MATH08', NULL);
INSERT INTO DBO.BANGDIEM VALUES('18120047', 'MATH09', NULL);
INSERT INTO DBO.BANGDIEM VALUES('18120047', 'INTE01', NULL);
INSERT INTO DBO.BANGDIEM VALUES('18120047', 'INTE02', NULL);
INSERT INTO DBO.BANGDIEM VALUES('18120047', 'INTE03', NULL);
INSERT INTO DBO.BANGDIEM VALUES('18120047', 'INTE04', NULL);
INSERT INTO DBO.BANGDIEM VALUES('18120047', 'INTE05', NULL);
INSERT INTO DBO.BANGDIEM VALUES('18120047', 'INTE06', NULL);
INSERT INTO DBO.BANGDIEM VALUES('18120047', 'INTE07', NULL);
INSERT INTO DBO.BANGDIEM VALUES('18120047', 'INTE08', NULL);
INSERT INTO DBO.BANGDIEM VALUES('18120047', 'INTE09', NULL);
INSERT INTO DBO.BANGDIEM VALUES('18120047', 'DCVN01', NULL);
INSERT INTO DBO.BANGDIEM VALUES('18120047', 'DCVN02', NULL);
INSERT INTO DBO.BANGDIEM VALUES('18120047', 'DCVN03', NULL);
INSERT INTO DBO.BANGDIEM VALUES('1712493', 'MATH01', NULL);
INSERT INTO DBO.BANGDIEM VALUES('1712493', 'MATH02', NULL);
INSERT INTO DBO.BANGDIEM VALUES('1712493', 'MATH03', NULL);
INSERT INTO DBO.BANGDIEM VALUES('1712493', 'MATH04', NULL);
INSERT INTO DBO.BANGDIEM VALUES('1712493', 'MATH05', NULL);
INSERT INTO DBO.BANGDIEM VALUES('1712493', 'MATH06', NULL);
INSERT INTO DBO.BANGDIEM VALUES('1712493', 'MATH07', NULL);
INSERT INTO DBO.BANGDIEM VALUES('1712493', 'MATH08', NULL);
INSERT INTO DBO.BANGDIEM VALUES('1712493', 'MATH09', NULL);
INSERT INTO DBO.BANGDIEM VALUES('1712493', 'INTE01', NULL);
INSERT INTO DBO.BANGDIEM VALUES('1712493', 'INTE02', NULL);
INSERT INTO DBO.BANGDIEM VALUES('1712493', 'INTE03', NULL);
INSERT INTO DBO.BANGDIEM VALUES('1712493', 'INTE04', NULL);
INSERT INTO DBO.BANGDIEM VALUES('1712493', 'INTE05', NULL);
INSERT INTO DBO.BANGDIEM VALUES('1712493', 'INTE06', NULL);
INSERT INTO DBO.BANGDIEM VALUES('1712493', 'INTE07', NULL);
INSERT INTO DBO.BANGDIEM VALUES('1712493', 'INTE08', NULL);
INSERT INTO DBO.BANGDIEM VALUES('1712493', 'INTE09', NULL);
INSERT INTO DBO.BANGDIEM VALUES('1712493', 'DCVN01', NULL);
INSERT INTO DBO.BANGDIEM VALUES('1712493', 'DCVN02', NULL);
INSERT INTO DBO.BANGDIEM VALUES('1712493', 'DCVN03', NULL);
INSERT INTO DBO.BANGDIEM VALUES('1712468', 'MATH01', NULL);
INSERT INTO DBO.BANGDIEM VALUES('1712468', 'MATH02', NULL);
INSERT INTO DBO.BANGDIEM VALUES('1712468', 'MATH03', NULL);
INSERT INTO DBO.BANGDIEM VALUES('1712468', 'MATH04', NULL);
INSERT INTO DBO.BANGDIEM VALUES('1712468', 'MATH05', NULL);
INSERT INTO DBO.BANGDIEM VALUES('1712468', 'MATH06', NULL);
INSERT INTO DBO.BANGDIEM VALUES('1712468', 'MATH07', NULL);
INSERT INTO DBO.BANGDIEM VALUES('1712468', 'MATH08', NULL);
INSERT INTO DBO.BANGDIEM VALUES('1712468', 'MATH09', NULL);
INSERT INTO DBO.BANGDIEM VALUES('1712468', 'INTE01', NULL);
INSERT INTO DBO.BANGDIEM VALUES('1712468', 'INTE02', NULL);
INSERT INTO DBO.BANGDIEM VALUES('1712468', 'INTE03', NULL);
INSERT INTO DBO.BANGDIEM VALUES('1712468', 'INTE04', NULL);
INSERT INTO DBO.BANGDIEM VALUES('1712468', 'INTE05', NULL);
INSERT INTO DBO.BANGDIEM VALUES('1712468', 'INTE06', NULL);
INSERT INTO DBO.BANGDIEM VALUES('1712468', 'INTE07', NULL);
INSERT INTO DBO.BANGDIEM VALUES('1712468', 'INTE08', NULL);
INSERT INTO DBO.BANGDIEM VALUES('1712468', 'INTE09', NULL);
INSERT INTO DBO.BANGDIEM VALUES('1712468', 'DCVN01', NULL);
INSERT INTO DBO.BANGDIEM VALUES('1712468', 'DCVN02', NULL);
INSERT INTO DBO.BANGDIEM VALUES('1712468', 'DCVN03', NULL);
INSERT INTO DBO.BANGDIEM VALUES('18120447', 'MATH01', NULL);
INSERT INTO DBO.BANGDIEM VALUES('18120447', 'MATH02', NULL);
INSERT INTO DBO.BANGDIEM VALUES('18120447', 'MATH03', NULL);
INSERT INTO DBO.BANGDIEM VALUES('18120447', 'MATH04', NULL);
INSERT INTO DBO.BANGDIEM VALUES('18120447', 'MATH05', NULL);
INSERT INTO DBO.BANGDIEM VALUES('18120447', 'MATH06', NULL);
INSERT INTO DBO.BANGDIEM VALUES('18120447', 'MATH07', NULL);
INSERT INTO DBO.BANGDIEM VALUES('18120447', 'MATH08', NULL);
INSERT INTO DBO.BANGDIEM VALUES('18120447', 'MATH09', NULL);
INSERT INTO DBO.BANGDIEM VALUES('18120447', 'INTE01', NULL);
INSERT INTO DBO.BANGDIEM VALUES('18120447', 'INTE02', NULL);
INSERT INTO DBO.BANGDIEM VALUES('18120447', 'INTE03', NULL);
INSERT INTO DBO.BANGDIEM VALUES('18120447', 'INTE04', NULL);
INSERT INTO DBO.BANGDIEM VALUES('18120447', 'INTE05', NULL);
INSERT INTO DBO.BANGDIEM VALUES('18120447', 'INTE06', NULL);
INSERT INTO DBO.BANGDIEM VALUES('18120447', 'INTE07', NULL);
INSERT INTO DBO.BANGDIEM VALUES('18120447', 'INTE08', NULL);
INSERT INTO DBO.BANGDIEM VALUES('18120447', 'INTE09', NULL);
INSERT INTO DBO.BANGDIEM VALUES('18120447', 'DCVN01', NULL);
INSERT INTO DBO.BANGDIEM VALUES('18120447', 'DCVN02', NULL);
INSERT INTO DBO.BANGDIEM VALUES('18120447', 'DCVN03', NULL);
INSERT INTO DBO.BANGDIEM VALUES('18120399', 'MATH01', NULL);
INSERT INTO DBO.BANGDIEM VALUES('18120399', 'MATH02', NULL);
INSERT INTO DBO.BANGDIEM VALUES('18120399', 'MATH03', NULL);
INSERT INTO DBO.BANGDIEM VALUES('18120399', 'MATH04', NULL);
INSERT INTO DBO.BANGDIEM VALUES('18120399', 'MATH05', NULL);
INSERT INTO DBO.BANGDIEM VALUES('18120399', 'MATH06', NULL);
INSERT INTO DBO.BANGDIEM VALUES('18120399', 'MATH07', NULL);
INSERT INTO DBO.BANGDIEM VALUES('18120399', 'MATH08', NULL);
INSERT INTO DBO.BANGDIEM VALUES('18120399', 'MATH09', NULL);
INSERT INTO DBO.BANGDIEM VALUES('18120399', 'INTE01', NULL);
INSERT INTO DBO.BANGDIEM VALUES('18120399', 'INTE02', NULL);
INSERT INTO DBO.BANGDIEM VALUES('18120399', 'INTE03', NULL);
INSERT INTO DBO.BANGDIEM VALUES('18120399', 'INTE04', NULL);
INSERT INTO DBO.BANGDIEM VALUES('18120399', 'INTE05', NULL);
INSERT INTO DBO.BANGDIEM VALUES('18120399', 'INTE06', NULL);
INSERT INTO DBO.BANGDIEM VALUES('18120399', 'INTE07', NULL);
INSERT INTO DBO.BANGDIEM VALUES('18120399', 'INTE08', NULL);
INSERT INTO DBO.BANGDIEM VALUES('18120399', 'INTE09', NULL);
INSERT INTO DBO.BANGDIEM VALUES('18120399', 'DCVN01', NULL);
INSERT INTO DBO.BANGDIEM VALUES('18120399', 'DCVN02', NULL);
INSERT INTO DBO.BANGDIEM VALUES('18120399', 'DCVN03', NULL);
INSERT INTO DBO.BANGDIEM VALUES('18120414', 'MATH01', NULL);
INSERT INTO DBO.BANGDIEM VALUES('18120414', 'MATH02', NULL);
INSERT INTO DBO.BANGDIEM VALUES('18120414', 'MATH03', NULL);
INSERT INTO DBO.BANGDIEM VALUES('18120414', 'MATH04', NULL);
INSERT INTO DBO.BANGDIEM VALUES('18120414', 'MATH05', NULL);
INSERT INTO DBO.BANGDIEM VALUES('18120414', 'MATH06', NULL);
INSERT INTO DBO.BANGDIEM VALUES('18120414', 'MATH07', NULL);
INSERT INTO DBO.BANGDIEM VALUES('18120414', 'MATH08', NULL);
INSERT INTO DBO.BANGDIEM VALUES('18120414', 'MATH09', NULL);
INSERT INTO DBO.BANGDIEM VALUES('18120414', 'INTE01', NULL);
INSERT INTO DBO.BANGDIEM VALUES('18120414', 'INTE02', NULL);
INSERT INTO DBO.BANGDIEM VALUES('18120414', 'INTE03', NULL);
INSERT INTO DBO.BANGDIEM VALUES('18120414', 'INTE04', NULL);
INSERT INTO DBO.BANGDIEM VALUES('18120414', 'INTE05', NULL);
INSERT INTO DBO.BANGDIEM VALUES('18120414', 'INTE06', NULL);
INSERT INTO DBO.BANGDIEM VALUES('18120414', 'INTE07', NULL);
INSERT INTO DBO.BANGDIEM VALUES('18120414', 'INTE08', NULL);
INSERT INTO DBO.BANGDIEM VALUES('18120414', 'INTE09', NULL);
INSERT INTO DBO.BANGDIEM VALUES('18120414', 'DCVN01', NULL);
INSERT INTO DBO.BANGDIEM VALUES('18120414', 'DCVN02', NULL);
INSERT INTO DBO.BANGDIEM VALUES('18120414', 'DCVN03', NULL);
INSERT INTO DBO.BANGDIEM VALUES('18120422', 'MATH01', NULL);
INSERT INTO DBO.BANGDIEM VALUES('18120422', 'MATH02', NULL);
INSERT INTO DBO.BANGDIEM VALUES('18120422', 'MATH03', NULL);
INSERT INTO DBO.BANGDIEM VALUES('18120422', 'MATH04', NULL);
INSERT INTO DBO.BANGDIEM VALUES('18120422', 'MATH05', NULL);
INSERT INTO DBO.BANGDIEM VALUES('18120422', 'MATH06', NULL);
INSERT INTO DBO.BANGDIEM VALUES('18120422', 'MATH07', NULL);
INSERT INTO DBO.BANGDIEM VALUES('18120422', 'MATH08', NULL);
INSERT INTO DBO.BANGDIEM VALUES('18120422', 'MATH09', NULL);
INSERT INTO DBO.BANGDIEM VALUES('18120422', 'INTE01', NULL);
INSERT INTO DBO.BANGDIEM VALUES('18120422', 'INTE02', NULL);
INSERT INTO DBO.BANGDIEM VALUES('18120422', 'INTE03', NULL);
INSERT INTO DBO.BANGDIEM VALUES('18120422', 'INTE04', NULL);
INSERT INTO DBO.BANGDIEM VALUES('18120422', 'INTE05', NULL);
INSERT INTO DBO.BANGDIEM VALUES('18120422', 'INTE06', NULL);
INSERT INTO DBO.BANGDIEM VALUES('18120422', 'INTE07', NULL);
INSERT INTO DBO.BANGDIEM VALUES('18120422', 'INTE08', NULL);
INSERT INTO DBO.BANGDIEM VALUES('18120422', 'INTE09', NULL);
INSERT INTO DBO.BANGDIEM VALUES('18120422', 'DCVN01', NULL);
INSERT INTO DBO.BANGDIEM VALUES('18120422', 'DCVN02', NULL);
INSERT INTO DBO.BANGDIEM VALUES('18120422', 'DCVN03', NULL);
INSERT INTO DBO.BANGDIEM VALUES('18120552', 'MATH01', NULL);
INSERT INTO DBO.BANGDIEM VALUES('18120552', 'MATH02', NULL);
INSERT INTO DBO.BANGDIEM VALUES('18120552', 'MATH03', NULL);
INSERT INTO DBO.BANGDIEM VALUES('18120552', 'MATH04', NULL);
INSERT INTO DBO.BANGDIEM VALUES('18120552', 'MATH05', NULL);
INSERT INTO DBO.BANGDIEM VALUES('18120552', 'MATH06', NULL);
INSERT INTO DBO.BANGDIEM VALUES('18120552', 'MATH07', NULL);
INSERT INTO DBO.BANGDIEM VALUES('18120552', 'MATH08', NULL);
INSERT INTO DBO.BANGDIEM VALUES('18120552', 'MATH09', NULL);
INSERT INTO DBO.BANGDIEM VALUES('18120552', 'INTE01', NULL);
INSERT INTO DBO.BANGDIEM VALUES('18120552', 'INTE02', NULL);
INSERT INTO DBO.BANGDIEM VALUES('18120552', 'INTE03', NULL);
INSERT INTO DBO.BANGDIEM VALUES('18120552', 'INTE04', NULL);
INSERT INTO DBO.BANGDIEM VALUES('18120552', 'INTE05', NULL);
INSERT INTO DBO.BANGDIEM VALUES('18120552', 'INTE06', NULL);
INSERT INTO DBO.BANGDIEM VALUES('18120552', 'INTE07', NULL);
INSERT INTO DBO.BANGDIEM VALUES('18120552', 'INTE08', NULL);
INSERT INTO DBO.BANGDIEM VALUES('18120552', 'INTE09', NULL);
INSERT INTO DBO.BANGDIEM VALUES('18120552', 'DCVN01', NULL);
INSERT INTO DBO.BANGDIEM VALUES('18120552', 'DCVN02', NULL);
INSERT INTO DBO.BANGDIEM VALUES('18120552', 'DCVN03', NULL);
INSERT INTO DBO.BANGDIEM VALUES('18120554', 'MATH01', NULL);
INSERT INTO DBO.BANGDIEM VALUES('18120554', 'MATH02', NULL);
INSERT INTO DBO.BANGDIEM VALUES('18120554', 'MATH03', NULL);
INSERT INTO DBO.BANGDIEM VALUES('18120554', 'MATH04', NULL);
INSERT INTO DBO.BANGDIEM VALUES('18120554', 'MATH05', NULL);
INSERT INTO DBO.BANGDIEM VALUES('18120554', 'MATH06', NULL);
INSERT INTO DBO.BANGDIEM VALUES('18120554', 'MATH07', NULL);
INSERT INTO DBO.BANGDIEM VALUES('18120554', 'MATH08', NULL);
INSERT INTO DBO.BANGDIEM VALUES('18120554', 'MATH09', NULL);
INSERT INTO DBO.BANGDIEM VALUES('18120554', 'INTE01', NULL);
INSERT INTO DBO.BANGDIEM VALUES('18120554', 'INTE02', NULL);
INSERT INTO DBO.BANGDIEM VALUES('18120554', 'INTE03', NULL);
INSERT INTO DBO.BANGDIEM VALUES('18120554', 'INTE04', NULL);
INSERT INTO DBO.BANGDIEM VALUES('18120554', 'INTE05', NULL);
INSERT INTO DBO.BANGDIEM VALUES('18120554', 'INTE06', NULL);
INSERT INTO DBO.BANGDIEM VALUES('18120554', 'INTE07', NULL);
INSERT INTO DBO.BANGDIEM VALUES('18120554', 'INTE08', NULL);
INSERT INTO DBO.BANGDIEM VALUES('18120554', 'INTE09', NULL);
INSERT INTO DBO.BANGDIEM VALUES('18120554', 'DCVN01', NULL);
INSERT INTO DBO.BANGDIEM VALUES('18120554', 'DCVN02', NULL);
INSERT INTO DBO.BANGDIEM VALUES('18120554', 'DCVN03', NULL);
INSERT INTO DBO.BANGDIEM VALUES('18120556', 'MATH01', NULL);
INSERT INTO DBO.BANGDIEM VALUES('18120556', 'MATH02', NULL);
INSERT INTO DBO.BANGDIEM VALUES('18120556', 'MATH03', NULL);
INSERT INTO DBO.BANGDIEM VALUES('18120556', 'MATH04', NULL);
INSERT INTO DBO.BANGDIEM VALUES('18120556', 'MATH05', NULL);
INSERT INTO DBO.BANGDIEM VALUES('18120556', 'MATH06', NULL);
INSERT INTO DBO.BANGDIEM VALUES('18120556', 'MATH07', NULL);
INSERT INTO DBO.BANGDIEM VALUES('18120556', 'MATH08', NULL);
INSERT INTO DBO.BANGDIEM VALUES('18120556', 'MATH09', NULL);
INSERT INTO DBO.BANGDIEM VALUES('18120556', 'INTE01', NULL);
INSERT INTO DBO.BANGDIEM VALUES('18120556', 'INTE02', NULL);
INSERT INTO DBO.BANGDIEM VALUES('18120556', 'INTE03', NULL);
INSERT INTO DBO.BANGDIEM VALUES('18120556', 'INTE04', NULL);
INSERT INTO DBO.BANGDIEM VALUES('18120556', 'INTE05', NULL);
INSERT INTO DBO.BANGDIEM VALUES('18120556', 'INTE06', NULL);
INSERT INTO DBO.BANGDIEM VALUES('18120556', 'INTE07', NULL);
INSERT INTO DBO.BANGDIEM VALUES('18120556', 'INTE08', NULL);
INSERT INTO DBO.BANGDIEM VALUES('18120556', 'INTE09', NULL);
INSERT INTO DBO.BANGDIEM VALUES('18120556', 'DCVN01', NULL);
INSERT INTO DBO.BANGDIEM VALUES('18120556', 'DCVN02', NULL);
INSERT INTO DBO.BANGDIEM VALUES('18120556', 'DCVN03', NULL);
INSERT INTO DBO.BANGDIEM VALUES('18120387', 'MATH01', NULL);
INSERT INTO DBO.BANGDIEM VALUES('18120387', 'MATH02', NULL);
INSERT INTO DBO.BANGDIEM VALUES('18120387', 'MATH03', NULL);
INSERT INTO DBO.BANGDIEM VALUES('18120387', 'MATH04', NULL);
INSERT INTO DBO.BANGDIEM VALUES('18120387', 'MATH05', NULL);
INSERT INTO DBO.BANGDIEM VALUES('18120387', 'MATH06', NULL);
INSERT INTO DBO.BANGDIEM VALUES('18120387', 'MATH07', NULL);
INSERT INTO DBO.BANGDIEM VALUES('18120387', 'MATH08', NULL);
INSERT INTO DBO.BANGDIEM VALUES('18120387', 'MATH09', NULL);
INSERT INTO DBO.BANGDIEM VALUES('18120387', 'INTE01', NULL);
INSERT INTO DBO.BANGDIEM VALUES('18120387', 'INTE02', NULL);
INSERT INTO DBO.BANGDIEM VALUES('18120387', 'INTE03', NULL);
INSERT INTO DBO.BANGDIEM VALUES('18120387', 'INTE04', NULL);
INSERT INTO DBO.BANGDIEM VALUES('18120387', 'INTE05', NULL);
INSERT INTO DBO.BANGDIEM VALUES('18120387', 'INTE06', NULL);
INSERT INTO DBO.BANGDIEM VALUES('18120387', 'INTE07', NULL);
INSERT INTO DBO.BANGDIEM VALUES('18120387', 'INTE08', NULL);
INSERT INTO DBO.BANGDIEM VALUES('18120387', 'INTE09', NULL);
INSERT INTO DBO.BANGDIEM VALUES('18120387', 'DCVN01', NULL);
INSERT INTO DBO.BANGDIEM VALUES('18120387', 'DCVN02', NULL);
INSERT INTO DBO.BANGDIEM VALUES('18120387', 'DCVN03', NULL);
INSERT INTO DBO.BANGDIEM VALUES('18120418', 'MATH01', NULL);
INSERT INTO DBO.BANGDIEM VALUES('18120418', 'MATH02', NULL);
INSERT INTO DBO.BANGDIEM VALUES('18120418', 'MATH03', NULL);
INSERT INTO DBO.BANGDIEM VALUES('18120418', 'MATH04', NULL);
INSERT INTO DBO.BANGDIEM VALUES('18120418', 'MATH05', NULL);
INSERT INTO DBO.BANGDIEM VALUES('18120418', 'MATH06', NULL);
INSERT INTO DBO.BANGDIEM VALUES('18120418', 'MATH07', NULL);
INSERT INTO DBO.BANGDIEM VALUES('18120418', 'MATH08', NULL);
INSERT INTO DBO.BANGDIEM VALUES('18120418', 'MATH09', NULL);
INSERT INTO DBO.BANGDIEM VALUES('18120418', 'INTE01', NULL);
INSERT INTO DBO.BANGDIEM VALUES('18120418', 'INTE02', NULL);
INSERT INTO DBO.BANGDIEM VALUES('18120418', 'INTE03', NULL);
INSERT INTO DBO.BANGDIEM VALUES('18120418', 'INTE04', NULL);
INSERT INTO DBO.BANGDIEM VALUES('18120418', 'INTE05', NULL);
INSERT INTO DBO.BANGDIEM VALUES('18120418', 'INTE06', NULL);
INSERT INTO DBO.BANGDIEM VALUES('18120418', 'INTE07', NULL);
INSERT INTO DBO.BANGDIEM VALUES('18120418', 'INTE08', NULL);
INSERT INTO DBO.BANGDIEM VALUES('18120418', 'INTE09', NULL);
INSERT INTO DBO.BANGDIEM VALUES('18120418', 'DCVN01', NULL);
INSERT INTO DBO.BANGDIEM VALUES('18120418', 'DCVN02', NULL);
INSERT INTO DBO.BANGDIEM VALUES('18120418', 'DCVN03', NULL);
INSERT INTO DBO.BANGDIEM VALUES('18120383', 'MATH01', NULL);
INSERT INTO DBO.BANGDIEM VALUES('18120383', 'MATH02', NULL);
INSERT INTO DBO.BANGDIEM VALUES('18120383', 'MATH03', NULL);
INSERT INTO DBO.BANGDIEM VALUES('18120383', 'MATH04', NULL);
INSERT INTO DBO.BANGDIEM VALUES('18120383', 'MATH05', NULL);
INSERT INTO DBO.BANGDIEM VALUES('18120383', 'MATH06', NULL);
INSERT INTO DBO.BANGDIEM VALUES('18120383', 'MATH07', NULL);
INSERT INTO DBO.BANGDIEM VALUES('18120383', 'MATH08', NULL);
INSERT INTO DBO.BANGDIEM VALUES('18120383', 'MATH09', NULL);
INSERT INTO DBO.BANGDIEM VALUES('18120383', 'INTE01', NULL);
INSERT INTO DBO.BANGDIEM VALUES('18120383', 'INTE02', NULL);
INSERT INTO DBO.BANGDIEM VALUES('18120383', 'INTE03', NULL);
INSERT INTO DBO.BANGDIEM VALUES('18120383', 'INTE04', NULL);
INSERT INTO DBO.BANGDIEM VALUES('18120383', 'INTE05', NULL);
INSERT INTO DBO.BANGDIEM VALUES('18120383', 'INTE06', NULL);
INSERT INTO DBO.BANGDIEM VALUES('18120383', 'INTE07', NULL);
INSERT INTO DBO.BANGDIEM VALUES('18120383', 'INTE08', NULL);
INSERT INTO DBO.BANGDIEM VALUES('18120383', 'INTE09', NULL);
INSERT INTO DBO.BANGDIEM VALUES('18120383', 'DCVN01', NULL);
INSERT INTO DBO.BANGDIEM VALUES('18120383', 'DCVN02', NULL);
INSERT INTO DBO.BANGDIEM VALUES('18120383', 'DCVN03', NULL);
INSERT INTO DBO.BANGDIEM VALUES('18120518', 'MATH01', NULL);
INSERT INTO DBO.BANGDIEM VALUES('18120518', 'MATH02', NULL);
INSERT INTO DBO.BANGDIEM VALUES('18120518', 'MATH03', NULL);
INSERT INTO DBO.BANGDIEM VALUES('18120518', 'MATH04', NULL);
INSERT INTO DBO.BANGDIEM VALUES('18120518', 'MATH05', NULL);
INSERT INTO DBO.BANGDIEM VALUES('18120518', 'MATH06', NULL);
INSERT INTO DBO.BANGDIEM VALUES('18120518', 'MATH07', NULL);
INSERT INTO DBO.BANGDIEM VALUES('18120518', 'MATH08', NULL);
INSERT INTO DBO.BANGDIEM VALUES('18120518', 'MATH09', NULL);
INSERT INTO DBO.BANGDIEM VALUES('18120518', 'INTE01', NULL);
INSERT INTO DBO.BANGDIEM VALUES('18120518', 'INTE02', NULL);
INSERT INTO DBO.BANGDIEM VALUES('18120518', 'INTE03', NULL);
INSERT INTO DBO.BANGDIEM VALUES('18120518', 'INTE04', NULL);
INSERT INTO DBO.BANGDIEM VALUES('18120518', 'INTE05', NULL);
INSERT INTO DBO.BANGDIEM VALUES('18120518', 'INTE06', NULL);
INSERT INTO DBO.BANGDIEM VALUES('18120518', 'INTE07', NULL);
INSERT INTO DBO.BANGDIEM VALUES('18120518', 'INTE08', NULL);
INSERT INTO DBO.BANGDIEM VALUES('18120518', 'INTE09', NULL);
INSERT INTO DBO.BANGDIEM VALUES('18120518', 'DCVN01', NULL);
INSERT INTO DBO.BANGDIEM VALUES('18120518', 'DCVN02', NULL);
INSERT INTO DBO.BANGDIEM VALUES('18120518', 'DCVN03', NULL);
INSERT INTO DBO.BANGDIEM VALUES('18120538', 'MATH01', NULL);
INSERT INTO DBO.BANGDIEM VALUES('18120538', 'MATH02', NULL);
INSERT INTO DBO.BANGDIEM VALUES('18120538', 'MATH03', NULL);
INSERT INTO DBO.BANGDIEM VALUES('18120538', 'MATH04', NULL);
INSERT INTO DBO.BANGDIEM VALUES('18120538', 'MATH05', NULL);
INSERT INTO DBO.BANGDIEM VALUES('18120538', 'MATH06', NULL);
INSERT INTO DBO.BANGDIEM VALUES('18120538', 'MATH07', NULL);
INSERT INTO DBO.BANGDIEM VALUES('18120538', 'MATH08', NULL);
INSERT INTO DBO.BANGDIEM VALUES('18120538', 'MATH09', NULL);
INSERT INTO DBO.BANGDIEM VALUES('18120538', 'INTE01', NULL);
INSERT INTO DBO.BANGDIEM VALUES('18120538', 'INTE02', NULL);
INSERT INTO DBO.BANGDIEM VALUES('18120538', 'INTE03', NULL);
INSERT INTO DBO.BANGDIEM VALUES('18120538', 'INTE04', NULL);
INSERT INTO DBO.BANGDIEM VALUES('18120538', 'INTE05', NULL);
INSERT INTO DBO.BANGDIEM VALUES('18120538', 'INTE06', NULL);
INSERT INTO DBO.BANGDIEM VALUES('18120538', 'INTE07', NULL);
INSERT INTO DBO.BANGDIEM VALUES('18120538', 'INTE08', NULL);
INSERT INTO DBO.BANGDIEM VALUES('18120538', 'INTE09', NULL);
INSERT INTO DBO.BANGDIEM VALUES('18120538', 'DCVN01', NULL);
INSERT INTO DBO.BANGDIEM VALUES('18120538', 'DCVN02', NULL);
INSERT INTO DBO.BANGDIEM VALUES('18120538', 'DCVN03', NULL);
INSERT INTO DBO.BANGDIEM VALUES('18120580', 'MATH01', NULL);
INSERT INTO DBO.BANGDIEM VALUES('18120580', 'MATH02', NULL);
INSERT INTO DBO.BANGDIEM VALUES('18120580', 'MATH03', NULL);
INSERT INTO DBO.BANGDIEM VALUES('18120580', 'MATH04', NULL);
INSERT INTO DBO.BANGDIEM VALUES('18120580', 'MATH05', NULL);
INSERT INTO DBO.BANGDIEM VALUES('18120580', 'MATH06', NULL);
INSERT INTO DBO.BANGDIEM VALUES('18120580', 'MATH07', NULL);
INSERT INTO DBO.BANGDIEM VALUES('18120580', 'MATH08', NULL);
INSERT INTO DBO.BANGDIEM VALUES('18120580', 'MATH09', NULL);
INSERT INTO DBO.BANGDIEM VALUES('18120580', 'INTE01', NULL);
INSERT INTO DBO.BANGDIEM VALUES('18120580', 'INTE02', NULL);
INSERT INTO DBO.BANGDIEM VALUES('18120580', 'INTE03', NULL);
INSERT INTO DBO.BANGDIEM VALUES('18120580', 'INTE04', NULL);
INSERT INTO DBO.BANGDIEM VALUES('18120580', 'INTE05', NULL);
INSERT INTO DBO.BANGDIEM VALUES('18120580', 'INTE06', NULL);
INSERT INTO DBO.BANGDIEM VALUES('18120580', 'INTE07', NULL);
INSERT INTO DBO.BANGDIEM VALUES('18120580', 'INTE08', NULL);
INSERT INTO DBO.BANGDIEM VALUES('18120580', 'INTE09', NULL);
INSERT INTO DBO.BANGDIEM VALUES('18120580', 'DCVN01', NULL);
INSERT INTO DBO.BANGDIEM VALUES('18120580', 'DCVN02', NULL);
INSERT INTO DBO.BANGDIEM VALUES('18120580', 'DCVN03', NULL);
INSERT INTO DBO.BANGDIEM VALUES('18120583', 'MATH01', NULL);
INSERT INTO DBO.BANGDIEM VALUES('18120583', 'MATH02', NULL);
INSERT INTO DBO.BANGDIEM VALUES('18120583', 'MATH03', NULL);
INSERT INTO DBO.BANGDIEM VALUES('18120583', 'MATH04', NULL);
INSERT INTO DBO.BANGDIEM VALUES('18120583', 'MATH05', NULL);
INSERT INTO DBO.BANGDIEM VALUES('18120583', 'MATH06', NULL);
INSERT INTO DBO.BANGDIEM VALUES('18120583', 'MATH07', NULL);
INSERT INTO DBO.BANGDIEM VALUES('18120583', 'MATH08', NULL);
INSERT INTO DBO.BANGDIEM VALUES('18120583', 'MATH09', NULL);
INSERT INTO DBO.BANGDIEM VALUES('18120583', 'INTE01', NULL);
INSERT INTO DBO.BANGDIEM VALUES('18120583', 'INTE02', NULL);
INSERT INTO DBO.BANGDIEM VALUES('18120583', 'INTE03', NULL);
INSERT INTO DBO.BANGDIEM VALUES('18120583', 'INTE04', NULL);
INSERT INTO DBO.BANGDIEM VALUES('18120583', 'INTE05', NULL);
INSERT INTO DBO.BANGDIEM VALUES('18120583', 'INTE06', NULL);
INSERT INTO DBO.BANGDIEM VALUES('18120583', 'INTE07', NULL);
INSERT INTO DBO.BANGDIEM VALUES('18120583', 'INTE08', NULL);
INSERT INTO DBO.BANGDIEM VALUES('18120583', 'INTE09', NULL);
INSERT INTO DBO.BANGDIEM VALUES('18120583', 'DCVN01', NULL);
INSERT INTO DBO.BANGDIEM VALUES('18120583', 'DCVN02', NULL);
INSERT INTO DBO.BANGDIEM VALUES('18120583', 'DCVN03', NULL);
INSERT INTO DBO.BANGDIEM VALUES('18120605', 'MATH01', NULL);
INSERT INTO DBO.BANGDIEM VALUES('18120605', 'MATH02', NULL);
INSERT INTO DBO.BANGDIEM VALUES('18120605', 'MATH03', NULL);
INSERT INTO DBO.BANGDIEM VALUES('18120605', 'MATH04', NULL);
INSERT INTO DBO.BANGDIEM VALUES('18120605', 'MATH05', NULL);
INSERT INTO DBO.BANGDIEM VALUES('18120605', 'MATH06', NULL);
INSERT INTO DBO.BANGDIEM VALUES('18120605', 'MATH07', NULL);
INSERT INTO DBO.BANGDIEM VALUES('18120605', 'MATH08', NULL);
INSERT INTO DBO.BANGDIEM VALUES('18120605', 'MATH09', NULL);
INSERT INTO DBO.BANGDIEM VALUES('18120605', 'INTE01', NULL);
INSERT INTO DBO.BANGDIEM VALUES('18120605', 'INTE02', NULL);
INSERT INTO DBO.BANGDIEM VALUES('18120605', 'INTE03', NULL);
INSERT INTO DBO.BANGDIEM VALUES('18120605', 'INTE04', NULL);
INSERT INTO DBO.BANGDIEM VALUES('18120605', 'INTE05', NULL);
INSERT INTO DBO.BANGDIEM VALUES('18120605', 'INTE06', NULL);
INSERT INTO DBO.BANGDIEM VALUES('18120605', 'INTE07', NULL);
INSERT INTO DBO.BANGDIEM VALUES('18120605', 'INTE08', NULL);
INSERT INTO DBO.BANGDIEM VALUES('18120605', 'INTE09', NULL);
INSERT INTO DBO.BANGDIEM VALUES('18120605', 'DCVN01', NULL);
INSERT INTO DBO.BANGDIEM VALUES('18120605', 'DCVN02', NULL);
INSERT INTO DBO.BANGDIEM VALUES('18120605', 'DCVN03', NULL);
INSERT INTO DBO.BANGDIEM VALUES('18120632', 'MATH01', NULL);
INSERT INTO DBO.BANGDIEM VALUES('18120632', 'MATH02', NULL);
INSERT INTO DBO.BANGDIEM VALUES('18120632', 'MATH03', NULL);
INSERT INTO DBO.BANGDIEM VALUES('18120632', 'MATH04', NULL);
INSERT INTO DBO.BANGDIEM VALUES('18120632', 'MATH05', NULL);
INSERT INTO DBO.BANGDIEM VALUES('18120632', 'MATH06', NULL);
INSERT INTO DBO.BANGDIEM VALUES('18120632', 'MATH07', NULL);
INSERT INTO DBO.BANGDIEM VALUES('18120632', 'MATH08', NULL);
INSERT INTO DBO.BANGDIEM VALUES('18120632', 'MATH09', NULL);
INSERT INTO DBO.BANGDIEM VALUES('18120632', 'INTE01', NULL);
INSERT INTO DBO.BANGDIEM VALUES('18120632', 'INTE02', NULL);
INSERT INTO DBO.BANGDIEM VALUES('18120632', 'INTE03', NULL);
INSERT INTO DBO.BANGDIEM VALUES('18120632', 'INTE04', NULL);
INSERT INTO DBO.BANGDIEM VALUES('18120632', 'INTE05', NULL);
INSERT INTO DBO.BANGDIEM VALUES('18120632', 'INTE06', NULL);
INSERT INTO DBO.BANGDIEM VALUES('18120632', 'INTE07', NULL);
INSERT INTO DBO.BANGDIEM VALUES('18120632', 'INTE08', NULL);
INSERT INTO DBO.BANGDIEM VALUES('18120632', 'INTE09', NULL);
INSERT INTO DBO.BANGDIEM VALUES('18120632', 'DCVN01', NULL);
INSERT INTO DBO.BANGDIEM VALUES('18120632', 'DCVN02', NULL);
INSERT INTO DBO.BANGDIEM VALUES('18120632', 'DCVN03', NULL);
INSERT INTO DBO.BANGDIEM VALUES('18120444', 'MATH01', NULL);
INSERT INTO DBO.BANGDIEM VALUES('18120444', 'MATH02', NULL);
INSERT INTO DBO.BANGDIEM VALUES('18120444', 'MATH03', NULL);
INSERT INTO DBO.BANGDIEM VALUES('18120444', 'MATH04', NULL);
INSERT INTO DBO.BANGDIEM VALUES('18120444', 'MATH05', NULL);
INSERT INTO DBO.BANGDIEM VALUES('18120444', 'MATH06', NULL);
INSERT INTO DBO.BANGDIEM VALUES('18120444', 'MATH07', NULL);
INSERT INTO DBO.BANGDIEM VALUES('18120444', 'MATH08', NULL);
INSERT INTO DBO.BANGDIEM VALUES('18120444', 'MATH09', NULL);
INSERT INTO DBO.BANGDIEM VALUES('18120444', 'INTE01', NULL);
INSERT INTO DBO.BANGDIEM VALUES('18120444', 'INTE02', NULL);
INSERT INTO DBO.BANGDIEM VALUES('18120444', 'INTE03', NULL);
INSERT INTO DBO.BANGDIEM VALUES('18120444', 'INTE04', NULL);
INSERT INTO DBO.BANGDIEM VALUES('18120444', 'INTE05', NULL);
INSERT INTO DBO.BANGDIEM VALUES('18120444', 'INTE06', NULL);
INSERT INTO DBO.BANGDIEM VALUES('18120444', 'INTE07', NULL);
INSERT INTO DBO.BANGDIEM VALUES('18120444', 'INTE08', NULL);
INSERT INTO DBO.BANGDIEM VALUES('18120444', 'INTE09', NULL);
INSERT INTO DBO.BANGDIEM VALUES('18120444', 'DCVN01', NULL);
INSERT INTO DBO.BANGDIEM VALUES('18120444', 'DCVN02', NULL);
INSERT INTO DBO.BANGDIEM VALUES('18120444', 'DCVN03', NULL);
INSERT INTO DBO.BANGDIEM VALUES('18120490', 'MATH01', NULL);
INSERT INTO DBO.BANGDIEM VALUES('18120490', 'MATH02', NULL);
INSERT INTO DBO.BANGDIEM VALUES('18120490', 'MATH03', NULL);
INSERT INTO DBO.BANGDIEM VALUES('18120490', 'MATH04', NULL);
INSERT INTO DBO.BANGDIEM VALUES('18120490', 'MATH05', NULL);
INSERT INTO DBO.BANGDIEM VALUES('18120490', 'MATH06', NULL);
INSERT INTO DBO.BANGDIEM VALUES('18120490', 'MATH07', NULL);
INSERT INTO DBO.BANGDIEM VALUES('18120490', 'MATH08', NULL);
INSERT INTO DBO.BANGDIEM VALUES('18120490', 'MATH09', NULL);
INSERT INTO DBO.BANGDIEM VALUES('18120490', 'INTE01', NULL);
INSERT INTO DBO.BANGDIEM VALUES('18120490', 'INTE02', NULL);
INSERT INTO DBO.BANGDIEM VALUES('18120490', 'INTE03', NULL);
INSERT INTO DBO.BANGDIEM VALUES('18120490', 'INTE04', NULL);
INSERT INTO DBO.BANGDIEM VALUES('18120490', 'INTE05', NULL);
INSERT INTO DBO.BANGDIEM VALUES('18120490', 'INTE06', NULL);
INSERT INTO DBO.BANGDIEM VALUES('18120490', 'INTE07', NULL);
INSERT INTO DBO.BANGDIEM VALUES('18120490', 'INTE08', NULL);
INSERT INTO DBO.BANGDIEM VALUES('18120490', 'INTE09', NULL);
INSERT INTO DBO.BANGDIEM VALUES('18120490', 'DCVN01', NULL);
INSERT INTO DBO.BANGDIEM VALUES('18120490', 'DCVN02', NULL);
INSERT INTO DBO.BANGDIEM VALUES('18120490', 'DCVN03', NULL);
INSERT INTO DBO.BANGDIEM VALUES('18120501', 'MATH01', NULL);
INSERT INTO DBO.BANGDIEM VALUES('18120501', 'MATH02', NULL);
INSERT INTO DBO.BANGDIEM VALUES('18120501', 'MATH03', NULL);
INSERT INTO DBO.BANGDIEM VALUES('18120501', 'MATH04', NULL);
INSERT INTO DBO.BANGDIEM VALUES('18120501', 'MATH05', NULL);
INSERT INTO DBO.BANGDIEM VALUES('18120501', 'MATH06', NULL);
INSERT INTO DBO.BANGDIEM VALUES('18120501', 'MATH07', NULL);
INSERT INTO DBO.BANGDIEM VALUES('18120501', 'MATH08', NULL);
INSERT INTO DBO.BANGDIEM VALUES('18120501', 'MATH09', NULL);
INSERT INTO DBO.BANGDIEM VALUES('18120501', 'INTE01', NULL);
INSERT INTO DBO.BANGDIEM VALUES('18120501', 'INTE02', NULL);
INSERT INTO DBO.BANGDIEM VALUES('18120501', 'INTE03', NULL);
INSERT INTO DBO.BANGDIEM VALUES('18120501', 'INTE04', NULL);
INSERT INTO DBO.BANGDIEM VALUES('18120501', 'INTE05', NULL);
INSERT INTO DBO.BANGDIEM VALUES('18120501', 'INTE06', NULL);
INSERT INTO DBO.BANGDIEM VALUES('18120501', 'INTE07', NULL);
INSERT INTO DBO.BANGDIEM VALUES('18120501', 'INTE08', NULL);
INSERT INTO DBO.BANGDIEM VALUES('18120501', 'INTE09', NULL);
INSERT INTO DBO.BANGDIEM VALUES('18120501', 'DCVN01', NULL);
INSERT INTO DBO.BANGDIEM VALUES('18120501', 'DCVN02', NULL);
INSERT INTO DBO.BANGDIEM VALUES('18120501', 'DCVN03', NULL);
INSERT INTO DBO.BANGDIEM VALUES('18120287', 'MATH01', NULL);
INSERT INTO DBO.BANGDIEM VALUES('18120287', 'MATH02', NULL);
INSERT INTO DBO.BANGDIEM VALUES('18120287', 'MATH03', NULL);
INSERT INTO DBO.BANGDIEM VALUES('18120287', 'MATH04', NULL);
INSERT INTO DBO.BANGDIEM VALUES('18120287', 'MATH05', NULL);
INSERT INTO DBO.BANGDIEM VALUES('18120287', 'MATH06', NULL);
INSERT INTO DBO.BANGDIEM VALUES('18120287', 'MATH07', NULL);
INSERT INTO DBO.BANGDIEM VALUES('18120287', 'MATH08', NULL);
INSERT INTO DBO.BANGDIEM VALUES('18120287', 'MATH09', NULL);
INSERT INTO DBO.BANGDIEM VALUES('18120287', 'INTE01', NULL);
INSERT INTO DBO.BANGDIEM VALUES('18120287', 'INTE02', NULL);
INSERT INTO DBO.BANGDIEM VALUES('18120287', 'INTE03', NULL);
INSERT INTO DBO.BANGDIEM VALUES('18120287', 'INTE04', NULL);
INSERT INTO DBO.BANGDIEM VALUES('18120287', 'INTE05', NULL);
INSERT INTO DBO.BANGDIEM VALUES('18120287', 'INTE06', NULL);
INSERT INTO DBO.BANGDIEM VALUES('18120287', 'INTE07', NULL);
INSERT INTO DBO.BANGDIEM VALUES('18120287', 'INTE08', NULL);
INSERT INTO DBO.BANGDIEM VALUES('18120287', 'INTE09', NULL);
INSERT INTO DBO.BANGDIEM VALUES('18120287', 'DCVN01', NULL);
INSERT INTO DBO.BANGDIEM VALUES('18120287', 'DCVN02', NULL);
INSERT INTO DBO.BANGDIEM VALUES('18120287', 'DCVN03', NULL);
INSERT INTO DBO.BANGDIEM VALUES('18120631', 'MATH01', NULL);
INSERT INTO DBO.BANGDIEM VALUES('18120631', 'MATH02', NULL);
INSERT INTO DBO.BANGDIEM VALUES('18120631', 'MATH03', NULL);
INSERT INTO DBO.BANGDIEM VALUES('18120631', 'MATH04', NULL);
INSERT INTO DBO.BANGDIEM VALUES('18120631', 'MATH05', NULL);
INSERT INTO DBO.BANGDIEM VALUES('18120631', 'MATH06', NULL);
INSERT INTO DBO.BANGDIEM VALUES('18120631', 'MATH07', NULL);
INSERT INTO DBO.BANGDIEM VALUES('18120631', 'MATH08', NULL);
INSERT INTO DBO.BANGDIEM VALUES('18120631', 'MATH09', NULL);
INSERT INTO DBO.BANGDIEM VALUES('18120631', 'INTE01', NULL);
INSERT INTO DBO.BANGDIEM VALUES('18120631', 'INTE02', NULL);
INSERT INTO DBO.BANGDIEM VALUES('18120631', 'INTE03', NULL);
INSERT INTO DBO.BANGDIEM VALUES('18120631', 'INTE04', NULL);
INSERT INTO DBO.BANGDIEM VALUES('18120631', 'INTE05', NULL);
INSERT INTO DBO.BANGDIEM VALUES('18120631', 'INTE06', NULL);
INSERT INTO DBO.BANGDIEM VALUES('18120631', 'INTE07', NULL);
INSERT INTO DBO.BANGDIEM VALUES('18120631', 'INTE08', NULL);
INSERT INTO DBO.BANGDIEM VALUES('18120631', 'INTE09', NULL);
INSERT INTO DBO.BANGDIEM VALUES('18120631', 'DCVN01', NULL);
INSERT INTO DBO.BANGDIEM VALUES('18120631', 'DCVN02', NULL);
INSERT INTO DBO.BANGDIEM VALUES('18120631', 'DCVN03', NULL);
INSERT INTO DBO.BANGDIEM VALUES('1712894', 'MATH01', NULL);
INSERT INTO DBO.BANGDIEM VALUES('1712894', 'MATH02', NULL);
INSERT INTO DBO.BANGDIEM VALUES('1712894', 'MATH03', NULL);
INSERT INTO DBO.BANGDIEM VALUES('1712894', 'MATH04', NULL);
INSERT INTO DBO.BANGDIEM VALUES('1712894', 'MATH05', NULL);
INSERT INTO DBO.BANGDIEM VALUES('1712894', 'MATH06', NULL);
INSERT INTO DBO.BANGDIEM VALUES('1712894', 'MATH07', NULL);
INSERT INTO DBO.BANGDIEM VALUES('1712894', 'MATH08', NULL);
INSERT INTO DBO.BANGDIEM VALUES('1712894', 'MATH09', NULL);
INSERT INTO DBO.BANGDIEM VALUES('1712894', 'INTE01', NULL);
INSERT INTO DBO.BANGDIEM VALUES('1712894', 'INTE02', NULL);
INSERT INTO DBO.BANGDIEM VALUES('1712894', 'INTE03', NULL);
INSERT INTO DBO.BANGDIEM VALUES('1712894', 'INTE04', NULL);
INSERT INTO DBO.BANGDIEM VALUES('1712894', 'INTE05', NULL);
INSERT INTO DBO.BANGDIEM VALUES('1712894', 'INTE06', NULL);
INSERT INTO DBO.BANGDIEM VALUES('1712894', 'INTE07', NULL);
INSERT INTO DBO.BANGDIEM VALUES('1712894', 'INTE08', NULL);
INSERT INTO DBO.BANGDIEM VALUES('1712894', 'INTE09', NULL);
INSERT INTO DBO.BANGDIEM VALUES('1712894', 'DCVN01', NULL);
INSERT INTO DBO.BANGDIEM VALUES('1712894', 'DCVN02', NULL);
INSERT INTO DBO.BANGDIEM VALUES('1712894', 'DCVN03', NULL);
INSERT INTO DBO.BANGDIEM VALUES('18120241', 'MATH01', NULL);
INSERT INTO DBO.BANGDIEM VALUES('18120241', 'MATH02', NULL);
INSERT INTO DBO.BANGDIEM VALUES('18120241', 'MATH03', NULL);
INSERT INTO DBO.BANGDIEM VALUES('18120241', 'MATH04', NULL);
INSERT INTO DBO.BANGDIEM VALUES('18120241', 'MATH05', NULL);
INSERT INTO DBO.BANGDIEM VALUES('18120241', 'MATH06', NULL);
INSERT INTO DBO.BANGDIEM VALUES('18120241', 'MATH07', NULL);
INSERT INTO DBO.BANGDIEM VALUES('18120241', 'MATH08', NULL);
INSERT INTO DBO.BANGDIEM VALUES('18120241', 'MATH09', NULL);
INSERT INTO DBO.BANGDIEM VALUES('18120241', 'INTE01', NULL);
INSERT INTO DBO.BANGDIEM VALUES('18120241', 'INTE02', NULL);
INSERT INTO DBO.BANGDIEM VALUES('18120241', 'INTE03', NULL);
INSERT INTO DBO.BANGDIEM VALUES('18120241', 'INTE04', NULL);
INSERT INTO DBO.BANGDIEM VALUES('18120241', 'INTE05', NULL);
INSERT INTO DBO.BANGDIEM VALUES('18120241', 'INTE06', NULL);
INSERT INTO DBO.BANGDIEM VALUES('18120241', 'INTE07', NULL);
INSERT INTO DBO.BANGDIEM VALUES('18120241', 'INTE08', NULL);
INSERT INTO DBO.BANGDIEM VALUES('18120241', 'INTE09', NULL);
INSERT INTO DBO.BANGDIEM VALUES('18120241', 'DCVN01', NULL);
INSERT INTO DBO.BANGDIEM VALUES('18120241', 'DCVN02', NULL);
INSERT INTO DBO.BANGDIEM VALUES('18120241', 'DCVN03', NULL);
INSERT INTO DBO.BANGDIEM VALUES('18120302', 'MATH01', NULL);
INSERT INTO DBO.BANGDIEM VALUES('18120302', 'MATH02', NULL);
INSERT INTO DBO.BANGDIEM VALUES('18120302', 'MATH03', NULL);
INSERT INTO DBO.BANGDIEM VALUES('18120302', 'MATH04', NULL);
INSERT INTO DBO.BANGDIEM VALUES('18120302', 'MATH05', NULL);
INSERT INTO DBO.BANGDIEM VALUES('18120302', 'MATH06', NULL);
INSERT INTO DBO.BANGDIEM VALUES('18120302', 'MATH07', NULL);
INSERT INTO DBO.BANGDIEM VALUES('18120302', 'MATH08', NULL);
INSERT INTO DBO.BANGDIEM VALUES('18120302', 'MATH09', NULL);
INSERT INTO DBO.BANGDIEM VALUES('18120302', 'INTE01', NULL);
INSERT INTO DBO.BANGDIEM VALUES('18120302', 'INTE02', NULL);
INSERT INTO DBO.BANGDIEM VALUES('18120302', 'INTE03', NULL);
INSERT INTO DBO.BANGDIEM VALUES('18120302', 'INTE04', NULL);
INSERT INTO DBO.BANGDIEM VALUES('18120302', 'INTE05', NULL);
INSERT INTO DBO.BANGDIEM VALUES('18120302', 'INTE06', NULL);
INSERT INTO DBO.BANGDIEM VALUES('18120302', 'INTE07', NULL);
INSERT INTO DBO.BANGDIEM VALUES('18120302', 'INTE08', NULL);
INSERT INTO DBO.BANGDIEM VALUES('18120302', 'INTE09', NULL);
INSERT INTO DBO.BANGDIEM VALUES('18120302', 'DCVN01', NULL);
INSERT INTO DBO.BANGDIEM VALUES('18120302', 'DCVN02', NULL);
INSERT INTO DBO.BANGDIEM VALUES('18120302', 'DCVN03', NULL);
INSERT INTO DBO.BANGDIEM VALUES('18120303', 'MATH01', NULL);
INSERT INTO DBO.BANGDIEM VALUES('18120303', 'MATH02', NULL);
INSERT INTO DBO.BANGDIEM VALUES('18120303', 'MATH03', NULL);
INSERT INTO DBO.BANGDIEM VALUES('18120303', 'MATH04', NULL);
INSERT INTO DBO.BANGDIEM VALUES('18120303', 'MATH05', NULL);
INSERT INTO DBO.BANGDIEM VALUES('18120303', 'MATH06', NULL);
INSERT INTO DBO.BANGDIEM VALUES('18120303', 'MATH07', NULL);
INSERT INTO DBO.BANGDIEM VALUES('18120303', 'MATH08', NULL);
INSERT INTO DBO.BANGDIEM VALUES('18120303', 'MATH09', NULL);
INSERT INTO DBO.BANGDIEM VALUES('18120303', 'INTE01', NULL);
INSERT INTO DBO.BANGDIEM VALUES('18120303', 'INTE02', NULL);
INSERT INTO DBO.BANGDIEM VALUES('18120303', 'INTE03', NULL);
INSERT INTO DBO.BANGDIEM VALUES('18120303', 'INTE04', NULL);
INSERT INTO DBO.BANGDIEM VALUES('18120303', 'INTE05', NULL);
INSERT INTO DBO.BANGDIEM VALUES('18120303', 'INTE06', NULL);
INSERT INTO DBO.BANGDIEM VALUES('18120303', 'INTE07', NULL);
INSERT INTO DBO.BANGDIEM VALUES('18120303', 'INTE08', NULL);
INSERT INTO DBO.BANGDIEM VALUES('18120303', 'INTE09', NULL);
INSERT INTO DBO.BANGDIEM VALUES('18120303', 'DCVN01', NULL);
INSERT INTO DBO.BANGDIEM VALUES('18120303', 'DCVN02', NULL);
INSERT INTO DBO.BANGDIEM VALUES('18120303', 'DCVN03', NULL);
INSERT INTO DBO.BANGDIEM VALUES('18120247', 'MATH01', NULL);
INSERT INTO DBO.BANGDIEM VALUES('18120247', 'MATH02', NULL);
INSERT INTO DBO.BANGDIEM VALUES('18120247', 'MATH03', NULL);
INSERT INTO DBO.BANGDIEM VALUES('18120247', 'MATH04', NULL);
INSERT INTO DBO.BANGDIEM VALUES('18120247', 'MATH05', NULL);
INSERT INTO DBO.BANGDIEM VALUES('18120247', 'MATH06', NULL);
INSERT INTO DBO.BANGDIEM VALUES('18120247', 'MATH07', NULL);
INSERT INTO DBO.BANGDIEM VALUES('18120247', 'MATH08', NULL);
INSERT INTO DBO.BANGDIEM VALUES('18120247', 'MATH09', NULL);
INSERT INTO DBO.BANGDIEM VALUES('18120247', 'INTE01', NULL);
INSERT INTO DBO.BANGDIEM VALUES('18120247', 'INTE02', NULL);
INSERT INTO DBO.BANGDIEM VALUES('18120247', 'INTE03', NULL);
INSERT INTO DBO.BANGDIEM VALUES('18120247', 'INTE04', NULL);
INSERT INTO DBO.BANGDIEM VALUES('18120247', 'INTE05', NULL);
INSERT INTO DBO.BANGDIEM VALUES('18120247', 'INTE06', NULL);
INSERT INTO DBO.BANGDIEM VALUES('18120247', 'INTE07', NULL);
INSERT INTO DBO.BANGDIEM VALUES('18120247', 'INTE08', NULL);
INSERT INTO DBO.BANGDIEM VALUES('18120247', 'INTE09', NULL);
INSERT INTO DBO.BANGDIEM VALUES('18120247', 'DCVN01', NULL);
INSERT INTO DBO.BANGDIEM VALUES('18120247', 'DCVN02', NULL);
INSERT INTO DBO.BANGDIEM VALUES('18120247', 'DCVN03', NULL);
INSERT INTO DBO.BANGDIEM VALUES('18120261', 'MATH01', NULL);
INSERT INTO DBO.BANGDIEM VALUES('18120261', 'MATH02', NULL);
INSERT INTO DBO.BANGDIEM VALUES('18120261', 'MATH03', NULL);
INSERT INTO DBO.BANGDIEM VALUES('18120261', 'MATH04', NULL);
INSERT INTO DBO.BANGDIEM VALUES('18120261', 'MATH05', NULL);
INSERT INTO DBO.BANGDIEM VALUES('18120261', 'MATH06', NULL);
INSERT INTO DBO.BANGDIEM VALUES('18120261', 'MATH07', NULL);
INSERT INTO DBO.BANGDIEM VALUES('18120261', 'MATH08', NULL);
INSERT INTO DBO.BANGDIEM VALUES('18120261', 'MATH09', NULL);
INSERT INTO DBO.BANGDIEM VALUES('18120261', 'INTE01', NULL);
INSERT INTO DBO.BANGDIEM VALUES('18120261', 'INTE02', NULL);
INSERT INTO DBO.BANGDIEM VALUES('18120261', 'INTE03', NULL);
INSERT INTO DBO.BANGDIEM VALUES('18120261', 'INTE04', NULL);
INSERT INTO DBO.BANGDIEM VALUES('18120261', 'INTE05', NULL);
INSERT INTO DBO.BANGDIEM VALUES('18120261', 'INTE06', NULL);
INSERT INTO DBO.BANGDIEM VALUES('18120261', 'INTE07', NULL);
INSERT INTO DBO.BANGDIEM VALUES('18120261', 'INTE08', NULL);
INSERT INTO DBO.BANGDIEM VALUES('18120261', 'INTE09', NULL);
INSERT INTO DBO.BANGDIEM VALUES('18120261', 'DCVN01', NULL);
INSERT INTO DBO.BANGDIEM VALUES('18120261', 'DCVN02', NULL);
INSERT INTO DBO.BANGDIEM VALUES('18120261', 'DCVN03', NULL);
INSERT INTO DBO.BANGDIEM VALUES('18120213', 'MATH01', NULL);
INSERT INTO DBO.BANGDIEM VALUES('18120213', 'MATH02', NULL);
INSERT INTO DBO.BANGDIEM VALUES('18120213', 'MATH03', NULL);
INSERT INTO DBO.BANGDIEM VALUES('18120213', 'MATH04', NULL);
INSERT INTO DBO.BANGDIEM VALUES('18120213', 'MATH05', NULL);
INSERT INTO DBO.BANGDIEM VALUES('18120213', 'MATH06', NULL);
INSERT INTO DBO.BANGDIEM VALUES('18120213', 'MATH07', NULL);
INSERT INTO DBO.BANGDIEM VALUES('18120213', 'MATH08', NULL);
INSERT INTO DBO.BANGDIEM VALUES('18120213', 'MATH09', NULL);
INSERT INTO DBO.BANGDIEM VALUES('18120213', 'INTE01', NULL);
INSERT INTO DBO.BANGDIEM VALUES('18120213', 'INTE02', NULL);
INSERT INTO DBO.BANGDIEM VALUES('18120213', 'INTE03', NULL);
INSERT INTO DBO.BANGDIEM VALUES('18120213', 'INTE04', NULL);
INSERT INTO DBO.BANGDIEM VALUES('18120213', 'INTE05', NULL);
INSERT INTO DBO.BANGDIEM VALUES('18120213', 'INTE06', NULL);
INSERT INTO DBO.BANGDIEM VALUES('18120213', 'INTE07', NULL);
INSERT INTO DBO.BANGDIEM VALUES('18120213', 'INTE08', NULL);
INSERT INTO DBO.BANGDIEM VALUES('18120213', 'INTE09', NULL);
INSERT INTO DBO.BANGDIEM VALUES('18120213', 'DCVN01', NULL);
INSERT INTO DBO.BANGDIEM VALUES('18120213', 'DCVN02', NULL);
INSERT INTO DBO.BANGDIEM VALUES('18120213', 'DCVN03', NULL);
INSERT INTO DBO.BANGDIEM VALUES('18120158', 'MATH01', NULL);
INSERT INTO DBO.BANGDIEM VALUES('18120158', 'MATH02', NULL);
INSERT INTO DBO.BANGDIEM VALUES('18120158', 'MATH03', NULL);
INSERT INTO DBO.BANGDIEM VALUES('18120158', 'MATH04', NULL);
INSERT INTO DBO.BANGDIEM VALUES('18120158', 'MATH05', NULL);
INSERT INTO DBO.BANGDIEM VALUES('18120158', 'MATH06', NULL);
INSERT INTO DBO.BANGDIEM VALUES('18120158', 'MATH07', NULL);
INSERT INTO DBO.BANGDIEM VALUES('18120158', 'MATH08', NULL);
INSERT INTO DBO.BANGDIEM VALUES('18120158', 'MATH09', NULL);
INSERT INTO DBO.BANGDIEM VALUES('18120158', 'INTE01', NULL);
INSERT INTO DBO.BANGDIEM VALUES('18120158', 'INTE02', NULL);
INSERT INTO DBO.BANGDIEM VALUES('18120158', 'INTE03', NULL);
INSERT INTO DBO.BANGDIEM VALUES('18120158', 'INTE04', NULL);
INSERT INTO DBO.BANGDIEM VALUES('18120158', 'INTE05', NULL);
INSERT INTO DBO.BANGDIEM VALUES('18120158', 'INTE06', NULL);
INSERT INTO DBO.BANGDIEM VALUES('18120158', 'INTE07', NULL);
INSERT INTO DBO.BANGDIEM VALUES('18120158', 'INTE08', NULL);
INSERT INTO DBO.BANGDIEM VALUES('18120158', 'INTE09', NULL);
INSERT INTO DBO.BANGDIEM VALUES('18120158', 'DCVN01', NULL);
INSERT INTO DBO.BANGDIEM VALUES('18120158', 'DCVN02', NULL);
INSERT INTO DBO.BANGDIEM VALUES('18120158', 'DCVN03', NULL);
INSERT INTO DBO.BANGDIEM VALUES('18120169', 'MATH01', NULL);
INSERT INTO DBO.BANGDIEM VALUES('18120169', 'MATH02', NULL);
INSERT INTO DBO.BANGDIEM VALUES('18120169', 'MATH03', NULL);
INSERT INTO DBO.BANGDIEM VALUES('18120169', 'MATH04', NULL);
INSERT INTO DBO.BANGDIEM VALUES('18120169', 'MATH05', NULL);
INSERT INTO DBO.BANGDIEM VALUES('18120169', 'MATH06', NULL);
INSERT INTO DBO.BANGDIEM VALUES('18120169', 'MATH07', NULL);
INSERT INTO DBO.BANGDIEM VALUES('18120169', 'MATH08', NULL);
INSERT INTO DBO.BANGDIEM VALUES('18120169', 'MATH09', NULL);
INSERT INTO DBO.BANGDIEM VALUES('18120169', 'INTE01', NULL);
INSERT INTO DBO.BANGDIEM VALUES('18120169', 'INTE02', NULL);
INSERT INTO DBO.BANGDIEM VALUES('18120169', 'INTE03', NULL);
INSERT INTO DBO.BANGDIEM VALUES('18120169', 'INTE04', NULL);
INSERT INTO DBO.BANGDIEM VALUES('18120169', 'INTE05', NULL);
INSERT INTO DBO.BANGDIEM VALUES('18120169', 'INTE06', NULL);
INSERT INTO DBO.BANGDIEM VALUES('18120169', 'INTE07', NULL);
INSERT INTO DBO.BANGDIEM VALUES('18120169', 'INTE08', NULL);
INSERT INTO DBO.BANGDIEM VALUES('18120169', 'INTE09', NULL);
INSERT INTO DBO.BANGDIEM VALUES('18120169', 'DCVN01', NULL);
INSERT INTO DBO.BANGDIEM VALUES('18120169', 'DCVN02', NULL);
INSERT INTO DBO.BANGDIEM VALUES('18120169', 'DCVN03', NULL);
INSERT INTO DBO.BANGDIEM VALUES('18120175', 'MATH01', NULL);
INSERT INTO DBO.BANGDIEM VALUES('18120175', 'MATH02', NULL);
INSERT INTO DBO.BANGDIEM VALUES('18120175', 'MATH03', NULL);
INSERT INTO DBO.BANGDIEM VALUES('18120175', 'MATH04', NULL);
INSERT INTO DBO.BANGDIEM VALUES('18120175', 'MATH05', NULL);
INSERT INTO DBO.BANGDIEM VALUES('18120175', 'MATH06', NULL);
INSERT INTO DBO.BANGDIEM VALUES('18120175', 'MATH07', NULL);
INSERT INTO DBO.BANGDIEM VALUES('18120175', 'MATH08', NULL);
INSERT INTO DBO.BANGDIEM VALUES('18120175', 'MATH09', NULL);
INSERT INTO DBO.BANGDIEM VALUES('18120175', 'INTE01', NULL);
INSERT INTO DBO.BANGDIEM VALUES('18120175', 'INTE02', NULL);
INSERT INTO DBO.BANGDIEM VALUES('18120175', 'INTE03', NULL);
INSERT INTO DBO.BANGDIEM VALUES('18120175', 'INTE04', NULL);
INSERT INTO DBO.BANGDIEM VALUES('18120175', 'INTE05', NULL);
INSERT INTO DBO.BANGDIEM VALUES('18120175', 'INTE06', NULL);
INSERT INTO DBO.BANGDIEM VALUES('18120175', 'INTE07', NULL);
INSERT INTO DBO.BANGDIEM VALUES('18120175', 'INTE08', NULL);
INSERT INTO DBO.BANGDIEM VALUES('18120175', 'INTE09', NULL);
INSERT INTO DBO.BANGDIEM VALUES('18120175', 'DCVN01', NULL);
INSERT INTO DBO.BANGDIEM VALUES('18120175', 'DCVN02', NULL);
INSERT INTO DBO.BANGDIEM VALUES('18120175', 'DCVN03', NULL);
INSERT INTO DBO.BANGDIEM VALUES('18120358', 'MATH01', NULL);
INSERT INTO DBO.BANGDIEM VALUES('18120358', 'MATH02', NULL);
INSERT INTO DBO.BANGDIEM VALUES('18120358', 'MATH03', NULL);
INSERT INTO DBO.BANGDIEM VALUES('18120358', 'MATH04', NULL);
INSERT INTO DBO.BANGDIEM VALUES('18120358', 'MATH05', NULL);
INSERT INTO DBO.BANGDIEM VALUES('18120358', 'MATH06', NULL);
INSERT INTO DBO.BANGDIEM VALUES('18120358', 'MATH07', NULL);
INSERT INTO DBO.BANGDIEM VALUES('18120358', 'MATH08', NULL);
INSERT INTO DBO.BANGDIEM VALUES('18120358', 'MATH09', NULL);
INSERT INTO DBO.BANGDIEM VALUES('18120358', 'INTE01', NULL);
INSERT INTO DBO.BANGDIEM VALUES('18120358', 'INTE02', NULL);
INSERT INTO DBO.BANGDIEM VALUES('18120358', 'INTE03', NULL);
INSERT INTO DBO.BANGDIEM VALUES('18120358', 'INTE04', NULL);
INSERT INTO DBO.BANGDIEM VALUES('18120358', 'INTE05', NULL);
INSERT INTO DBO.BANGDIEM VALUES('18120358', 'INTE06', NULL);
INSERT INTO DBO.BANGDIEM VALUES('18120358', 'INTE07', NULL);
INSERT INTO DBO.BANGDIEM VALUES('18120358', 'INTE08', NULL);
INSERT INTO DBO.BANGDIEM VALUES('18120358', 'INTE09', NULL);
INSERT INTO DBO.BANGDIEM VALUES('18120358', 'DCVN01', NULL);
INSERT INTO DBO.BANGDIEM VALUES('18120358', 'DCVN02', NULL);
INSERT INTO DBO.BANGDIEM VALUES('18120358', 'DCVN03', NULL);
INSERT INTO DBO.BANGDIEM VALUES('18120367', 'MATH01', NULL);
INSERT INTO DBO.BANGDIEM VALUES('18120367', 'MATH02', NULL);
INSERT INTO DBO.BANGDIEM VALUES('18120367', 'MATH03', NULL);
INSERT INTO DBO.BANGDIEM VALUES('18120367', 'MATH04', NULL);
INSERT INTO DBO.BANGDIEM VALUES('18120367', 'MATH05', NULL);
INSERT INTO DBO.BANGDIEM VALUES('18120367', 'MATH06', NULL);
INSERT INTO DBO.BANGDIEM VALUES('18120367', 'MATH07', NULL);
INSERT INTO DBO.BANGDIEM VALUES('18120367', 'MATH08', NULL);
INSERT INTO DBO.BANGDIEM VALUES('18120367', 'MATH09', NULL);
INSERT INTO DBO.BANGDIEM VALUES('18120367', 'INTE01', NULL);
INSERT INTO DBO.BANGDIEM VALUES('18120367', 'INTE02', NULL);
INSERT INTO DBO.BANGDIEM VALUES('18120367', 'INTE03', NULL);
INSERT INTO DBO.BANGDIEM VALUES('18120367', 'INTE04', NULL);
INSERT INTO DBO.BANGDIEM VALUES('18120367', 'INTE05', NULL);
INSERT INTO DBO.BANGDIEM VALUES('18120367', 'INTE06', NULL);
INSERT INTO DBO.BANGDIEM VALUES('18120367', 'INTE07', NULL);
INSERT INTO DBO.BANGDIEM VALUES('18120367', 'INTE08', NULL);
INSERT INTO DBO.BANGDIEM VALUES('18120367', 'INTE09', NULL);
INSERT INTO DBO.BANGDIEM VALUES('18120367', 'DCVN01', NULL);
INSERT INTO DBO.BANGDIEM VALUES('18120367', 'DCVN02', NULL);
INSERT INTO DBO.BANGDIEM VALUES('18120367', 'DCVN03', NULL);
INSERT INTO DBO.BANGDIEM VALUES('18120370', 'MATH01', NULL);
INSERT INTO DBO.BANGDIEM VALUES('18120370', 'MATH02', NULL);
INSERT INTO DBO.BANGDIEM VALUES('18120370', 'MATH03', NULL);
INSERT INTO DBO.BANGDIEM VALUES('18120370', 'MATH04', NULL);
INSERT INTO DBO.BANGDIEM VALUES('18120370', 'MATH05', NULL);
INSERT INTO DBO.BANGDIEM VALUES('18120370', 'MATH06', NULL);
INSERT INTO DBO.BANGDIEM VALUES('18120370', 'MATH07', NULL);
INSERT INTO DBO.BANGDIEM VALUES('18120370', 'MATH08', NULL);
INSERT INTO DBO.BANGDIEM VALUES('18120370', 'MATH09', NULL);
INSERT INTO DBO.BANGDIEM VALUES('18120370', 'INTE01', NULL);
INSERT INTO DBO.BANGDIEM VALUES('18120370', 'INTE02', NULL);
INSERT INTO DBO.BANGDIEM VALUES('18120370', 'INTE03', NULL);
INSERT INTO DBO.BANGDIEM VALUES('18120370', 'INTE04', NULL);
INSERT INTO DBO.BANGDIEM VALUES('18120370', 'INTE05', NULL);
INSERT INTO DBO.BANGDIEM VALUES('18120370', 'INTE06', NULL);
INSERT INTO DBO.BANGDIEM VALUES('18120370', 'INTE07', NULL);
INSERT INTO DBO.BANGDIEM VALUES('18120370', 'INTE08', NULL);
INSERT INTO DBO.BANGDIEM VALUES('18120370', 'INTE09', NULL);
INSERT INTO DBO.BANGDIEM VALUES('18120370', 'DCVN01', NULL);
INSERT INTO DBO.BANGDIEM VALUES('18120370', 'DCVN02', NULL);
INSERT INTO DBO.BANGDIEM VALUES('18120370', 'DCVN03', NULL);
INSERT INTO DBO.BANGDIEM VALUES('18120553', 'MATH01', NULL);
INSERT INTO DBO.BANGDIEM VALUES('18120553', 'MATH02', NULL);
INSERT INTO DBO.BANGDIEM VALUES('18120553', 'MATH03', NULL);
INSERT INTO DBO.BANGDIEM VALUES('18120553', 'MATH04', NULL);
INSERT INTO DBO.BANGDIEM VALUES('18120553', 'MATH05', NULL);
INSERT INTO DBO.BANGDIEM VALUES('18120553', 'MATH06', NULL);
INSERT INTO DBO.BANGDIEM VALUES('18120553', 'MATH07', NULL);
INSERT INTO DBO.BANGDIEM VALUES('18120553', 'MATH08', NULL);
INSERT INTO DBO.BANGDIEM VALUES('18120553', 'MATH09', NULL);
INSERT INTO DBO.BANGDIEM VALUES('18120553', 'INTE01', NULL);
INSERT INTO DBO.BANGDIEM VALUES('18120553', 'INTE02', NULL);
INSERT INTO DBO.BANGDIEM VALUES('18120553', 'INTE03', NULL);
INSERT INTO DBO.BANGDIEM VALUES('18120553', 'INTE04', NULL);
INSERT INTO DBO.BANGDIEM VALUES('18120553', 'INTE05', NULL);
INSERT INTO DBO.BANGDIEM VALUES('18120553', 'INTE06', NULL);
INSERT INTO DBO.BANGDIEM VALUES('18120553', 'INTE07', NULL);
INSERT INTO DBO.BANGDIEM VALUES('18120553', 'INTE08', NULL);
INSERT INTO DBO.BANGDIEM VALUES('18120553', 'INTE09', NULL);
INSERT INTO DBO.BANGDIEM VALUES('18120553', 'DCVN01', NULL);
INSERT INTO DBO.BANGDIEM VALUES('18120553', 'DCVN02', NULL);
INSERT INTO DBO.BANGDIEM VALUES('18120553', 'DCVN03', NULL);
INSERT INTO DBO.BANGDIEM VALUES('18120614', 'MATH01', NULL);
INSERT INTO DBO.BANGDIEM VALUES('18120614', 'MATH02', NULL);
INSERT INTO DBO.BANGDIEM VALUES('18120614', 'MATH03', NULL);
INSERT INTO DBO.BANGDIEM VALUES('18120614', 'MATH04', NULL);
INSERT INTO DBO.BANGDIEM VALUES('18120614', 'MATH05', NULL);
INSERT INTO DBO.BANGDIEM VALUES('18120614', 'MATH06', NULL);
INSERT INTO DBO.BANGDIEM VALUES('18120614', 'MATH07', NULL);
INSERT INTO DBO.BANGDIEM VALUES('18120614', 'MATH08', NULL);
INSERT INTO DBO.BANGDIEM VALUES('18120614', 'MATH09', NULL);
INSERT INTO DBO.BANGDIEM VALUES('18120614', 'INTE01', NULL);
INSERT INTO DBO.BANGDIEM VALUES('18120614', 'INTE02', NULL);
INSERT INTO DBO.BANGDIEM VALUES('18120614', 'INTE03', NULL);
INSERT INTO DBO.BANGDIEM VALUES('18120614', 'INTE04', NULL);
INSERT INTO DBO.BANGDIEM VALUES('18120614', 'INTE05', NULL);
INSERT INTO DBO.BANGDIEM VALUES('18120614', 'INTE06', NULL);
INSERT INTO DBO.BANGDIEM VALUES('18120614', 'INTE07', NULL);
INSERT INTO DBO.BANGDIEM VALUES('18120614', 'INTE08', NULL);
INSERT INTO DBO.BANGDIEM VALUES('18120614', 'INTE09', NULL);
INSERT INTO DBO.BANGDIEM VALUES('18120614', 'DCVN01', NULL);
INSERT INTO DBO.BANGDIEM VALUES('18120614', 'DCVN02', NULL);
INSERT INTO DBO.BANGDIEM VALUES('18120614', 'DCVN03', NULL);
INSERT INTO DBO.BANGDIEM VALUES('18120448', 'MATH01', NULL);
INSERT INTO DBO.BANGDIEM VALUES('18120448', 'MATH02', NULL);
INSERT INTO DBO.BANGDIEM VALUES('18120448', 'MATH03', NULL);
INSERT INTO DBO.BANGDIEM VALUES('18120448', 'MATH04', NULL);
INSERT INTO DBO.BANGDIEM VALUES('18120448', 'MATH05', NULL);
INSERT INTO DBO.BANGDIEM VALUES('18120448', 'MATH06', NULL);
INSERT INTO DBO.BANGDIEM VALUES('18120448', 'MATH07', NULL);
INSERT INTO DBO.BANGDIEM VALUES('18120448', 'MATH08', NULL);
INSERT INTO DBO.BANGDIEM VALUES('18120448', 'MATH09', NULL);
INSERT INTO DBO.BANGDIEM VALUES('18120448', 'INTE01', NULL);
INSERT INTO DBO.BANGDIEM VALUES('18120448', 'INTE02', NULL);
INSERT INTO DBO.BANGDIEM VALUES('18120448', 'INTE03', NULL);
INSERT INTO DBO.BANGDIEM VALUES('18120448', 'INTE04', NULL);
INSERT INTO DBO.BANGDIEM VALUES('18120448', 'INTE05', NULL);
INSERT INTO DBO.BANGDIEM VALUES('18120448', 'INTE06', NULL);
INSERT INTO DBO.BANGDIEM VALUES('18120448', 'INTE07', NULL);
INSERT INTO DBO.BANGDIEM VALUES('18120448', 'INTE08', NULL);
INSERT INTO DBO.BANGDIEM VALUES('18120448', 'INTE09', NULL);
INSERT INTO DBO.BANGDIEM VALUES('18120448', 'DCVN01', NULL);
INSERT INTO DBO.BANGDIEM VALUES('18120448', 'DCVN02', NULL);
INSERT INTO DBO.BANGDIEM VALUES('18120448', 'DCVN03', NULL);
INSERT INTO DBO.BANGDIEM VALUES('18120334', 'MATH01', NULL);
INSERT INTO DBO.BANGDIEM VALUES('18120334', 'MATH02', NULL);
INSERT INTO DBO.BANGDIEM VALUES('18120334', 'MATH03', NULL);
INSERT INTO DBO.BANGDIEM VALUES('18120334', 'MATH04', NULL);
INSERT INTO DBO.BANGDIEM VALUES('18120334', 'MATH05', NULL);
INSERT INTO DBO.BANGDIEM VALUES('18120334', 'MATH06', NULL);
INSERT INTO DBO.BANGDIEM VALUES('18120334', 'MATH07', NULL);
INSERT INTO DBO.BANGDIEM VALUES('18120334', 'MATH08', NULL);
INSERT INTO DBO.BANGDIEM VALUES('18120334', 'MATH09', NULL);
INSERT INTO DBO.BANGDIEM VALUES('18120334', 'INTE01', NULL);
INSERT INTO DBO.BANGDIEM VALUES('18120334', 'INTE02', NULL);
INSERT INTO DBO.BANGDIEM VALUES('18120334', 'INTE03', NULL);
INSERT INTO DBO.BANGDIEM VALUES('18120334', 'INTE04', NULL);
INSERT INTO DBO.BANGDIEM VALUES('18120334', 'INTE05', NULL);
INSERT INTO DBO.BANGDIEM VALUES('18120334', 'INTE06', NULL);
INSERT INTO DBO.BANGDIEM VALUES('18120334', 'INTE07', NULL);
INSERT INTO DBO.BANGDIEM VALUES('18120334', 'INTE08', NULL);
INSERT INTO DBO.BANGDIEM VALUES('18120334', 'INTE09', NULL);
INSERT INTO DBO.BANGDIEM VALUES('18120334', 'DCVN01', NULL);
INSERT INTO DBO.BANGDIEM VALUES('18120334', 'DCVN02', NULL);
INSERT INTO DBO.BANGDIEM VALUES('18120334', 'DCVN03', NULL);
INSERT INTO DBO.BANGDIEM VALUES('18120349', 'MATH01', NULL);
INSERT INTO DBO.BANGDIEM VALUES('18120349', 'MATH02', NULL);
INSERT INTO DBO.BANGDIEM VALUES('18120349', 'MATH03', NULL);
INSERT INTO DBO.BANGDIEM VALUES('18120349', 'MATH04', NULL);
INSERT INTO DBO.BANGDIEM VALUES('18120349', 'MATH05', NULL);
INSERT INTO DBO.BANGDIEM VALUES('18120349', 'MATH06', NULL);
INSERT INTO DBO.BANGDIEM VALUES('18120349', 'MATH07', NULL);
INSERT INTO DBO.BANGDIEM VALUES('18120349', 'MATH08', NULL);
INSERT INTO DBO.BANGDIEM VALUES('18120349', 'MATH09', NULL);
INSERT INTO DBO.BANGDIEM VALUES('18120349', 'INTE01', NULL);
INSERT INTO DBO.BANGDIEM VALUES('18120349', 'INTE02', NULL);
INSERT INTO DBO.BANGDIEM VALUES('18120349', 'INTE03', NULL);
INSERT INTO DBO.BANGDIEM VALUES('18120349', 'INTE04', NULL);
INSERT INTO DBO.BANGDIEM VALUES('18120349', 'INTE05', NULL);
INSERT INTO DBO.BANGDIEM VALUES('18120349', 'INTE06', NULL);
INSERT INTO DBO.BANGDIEM VALUES('18120349', 'INTE07', NULL);
INSERT INTO DBO.BANGDIEM VALUES('18120349', 'INTE08', NULL);
INSERT INTO DBO.BANGDIEM VALUES('18120349', 'INTE09', NULL);
INSERT INTO DBO.BANGDIEM VALUES('18120349', 'DCVN01', NULL);
INSERT INTO DBO.BANGDIEM VALUES('18120349', 'DCVN02', NULL);
INSERT INTO DBO.BANGDIEM VALUES('18120349', 'DCVN03', NULL);
INSERT INTO DBO.BANGDIEM VALUES('18120366', 'MATH01', NULL);
INSERT INTO DBO.BANGDIEM VALUES('18120366', 'MATH02', NULL);
INSERT INTO DBO.BANGDIEM VALUES('18120366', 'MATH03', NULL);
INSERT INTO DBO.BANGDIEM VALUES('18120366', 'MATH04', NULL);
INSERT INTO DBO.BANGDIEM VALUES('18120366', 'MATH05', NULL);
INSERT INTO DBO.BANGDIEM VALUES('18120366', 'MATH06', NULL);
INSERT INTO DBO.BANGDIEM VALUES('18120366', 'MATH07', NULL);
INSERT INTO DBO.BANGDIEM VALUES('18120366', 'MATH08', NULL);
INSERT INTO DBO.BANGDIEM VALUES('18120366', 'MATH09', NULL);
INSERT INTO DBO.BANGDIEM VALUES('18120366', 'INTE01', NULL);
INSERT INTO DBO.BANGDIEM VALUES('18120366', 'INTE02', NULL);
INSERT INTO DBO.BANGDIEM VALUES('18120366', 'INTE03', NULL);
INSERT INTO DBO.BANGDIEM VALUES('18120366', 'INTE04', NULL);
INSERT INTO DBO.BANGDIEM VALUES('18120366', 'INTE05', NULL);
INSERT INTO DBO.BANGDIEM VALUES('18120366', 'INTE06', NULL);
INSERT INTO DBO.BANGDIEM VALUES('18120366', 'INTE07', NULL);
INSERT INTO DBO.BANGDIEM VALUES('18120366', 'INTE08', NULL);
INSERT INTO DBO.BANGDIEM VALUES('18120366', 'INTE09', NULL);
INSERT INTO DBO.BANGDIEM VALUES('18120366', 'DCVN01', NULL);
INSERT INTO DBO.BANGDIEM VALUES('18120366', 'DCVN02', NULL);
INSERT INTO DBO.BANGDIEM VALUES('18120366', 'DCVN03', NULL);
INSERT INTO DBO.BANGDIEM VALUES('18120102', 'MATH01', NULL);
INSERT INTO DBO.BANGDIEM VALUES('18120102', 'MATH02', NULL);
INSERT INTO DBO.BANGDIEM VALUES('18120102', 'MATH03', NULL);
INSERT INTO DBO.BANGDIEM VALUES('18120102', 'MATH04', NULL);
INSERT INTO DBO.BANGDIEM VALUES('18120102', 'MATH05', NULL);
INSERT INTO DBO.BANGDIEM VALUES('18120102', 'MATH06', NULL);
INSERT INTO DBO.BANGDIEM VALUES('18120102', 'MATH07', NULL);
INSERT INTO DBO.BANGDIEM VALUES('18120102', 'MATH08', NULL);
INSERT INTO DBO.BANGDIEM VALUES('18120102', 'MATH09', NULL);
INSERT INTO DBO.BANGDIEM VALUES('18120102', 'INTE01', NULL);
INSERT INTO DBO.BANGDIEM VALUES('18120102', 'INTE02', NULL);
INSERT INTO DBO.BANGDIEM VALUES('18120102', 'INTE03', NULL);
INSERT INTO DBO.BANGDIEM VALUES('18120102', 'INTE04', NULL);
INSERT INTO DBO.BANGDIEM VALUES('18120102', 'INTE05', NULL);
INSERT INTO DBO.BANGDIEM VALUES('18120102', 'INTE06', NULL);
INSERT INTO DBO.BANGDIEM VALUES('18120102', 'INTE07', NULL);
INSERT INTO DBO.BANGDIEM VALUES('18120102', 'INTE08', NULL);
INSERT INTO DBO.BANGDIEM VALUES('18120102', 'INTE09', NULL);
INSERT INTO DBO.BANGDIEM VALUES('18120102', 'DCVN01', NULL);
INSERT INTO DBO.BANGDIEM VALUES('18120102', 'DCVN02', NULL);
INSERT INTO DBO.BANGDIEM VALUES('18120102', 'DCVN03', NULL);
INSERT INTO DBO.BANGDIEM VALUES('18120603', 'MATH01', NULL);
INSERT INTO DBO.BANGDIEM VALUES('18120603', 'MATH02', NULL);
INSERT INTO DBO.BANGDIEM VALUES('18120603', 'MATH03', NULL);
INSERT INTO DBO.BANGDIEM VALUES('18120603', 'MATH04', NULL);
INSERT INTO DBO.BANGDIEM VALUES('18120603', 'MATH05', NULL);
INSERT INTO DBO.BANGDIEM VALUES('18120603', 'MATH06', NULL);
INSERT INTO DBO.BANGDIEM VALUES('18120603', 'MATH07', NULL);
INSERT INTO DBO.BANGDIEM VALUES('18120603', 'MATH08', NULL);
INSERT INTO DBO.BANGDIEM VALUES('18120603', 'MATH09', NULL);
INSERT INTO DBO.BANGDIEM VALUES('18120603', 'INTE01', NULL);
INSERT INTO DBO.BANGDIEM VALUES('18120603', 'INTE02', NULL);
INSERT INTO DBO.BANGDIEM VALUES('18120603', 'INTE03', NULL);
INSERT INTO DBO.BANGDIEM VALUES('18120603', 'INTE04', NULL);
INSERT INTO DBO.BANGDIEM VALUES('18120603', 'INTE05', NULL);
INSERT INTO DBO.BANGDIEM VALUES('18120603', 'INTE06', NULL);
INSERT INTO DBO.BANGDIEM VALUES('18120603', 'INTE07', NULL);
INSERT INTO DBO.BANGDIEM VALUES('18120603', 'INTE08', NULL);
INSERT INTO DBO.BANGDIEM VALUES('18120603', 'INTE09', NULL);
INSERT INTO DBO.BANGDIEM VALUES('18120603', 'DCVN01', NULL);
INSERT INTO DBO.BANGDIEM VALUES('18120603', 'DCVN02', NULL);
INSERT INTO DBO.BANGDIEM VALUES('18120603', 'DCVN03', NULL);
INSERT INTO DBO.BANGDIEM VALUES('18120646', 'MATH01', NULL);
INSERT INTO DBO.BANGDIEM VALUES('18120646', 'MATH02', NULL);
INSERT INTO DBO.BANGDIEM VALUES('18120646', 'MATH03', NULL);
INSERT INTO DBO.BANGDIEM VALUES('18120646', 'MATH04', NULL);
INSERT INTO DBO.BANGDIEM VALUES('18120646', 'MATH05', NULL);
INSERT INTO DBO.BANGDIEM VALUES('18120646', 'MATH06', NULL);
INSERT INTO DBO.BANGDIEM VALUES('18120646', 'MATH07', NULL);
INSERT INTO DBO.BANGDIEM VALUES('18120646', 'MATH08', NULL);
INSERT INTO DBO.BANGDIEM VALUES('18120646', 'MATH09', NULL);
INSERT INTO DBO.BANGDIEM VALUES('18120646', 'INTE01', NULL);
INSERT INTO DBO.BANGDIEM VALUES('18120646', 'INTE02', NULL);
INSERT INTO DBO.BANGDIEM VALUES('18120646', 'INTE03', NULL);
INSERT INTO DBO.BANGDIEM VALUES('18120646', 'INTE04', NULL);
INSERT INTO DBO.BANGDIEM VALUES('18120646', 'INTE05', NULL);
INSERT INTO DBO.BANGDIEM VALUES('18120646', 'INTE06', NULL);
INSERT INTO DBO.BANGDIEM VALUES('18120646', 'INTE07', NULL);
INSERT INTO DBO.BANGDIEM VALUES('18120646', 'INTE08', NULL);
INSERT INTO DBO.BANGDIEM VALUES('18120646', 'INTE09', NULL);
INSERT INTO DBO.BANGDIEM VALUES('18120646', 'DCVN01', NULL);
INSERT INTO DBO.BANGDIEM VALUES('18120646', 'DCVN02', NULL);
INSERT INTO DBO.BANGDIEM VALUES('18120646', 'DCVN03', NULL);
INSERT INTO DBO.BANGDIEM VALUES('18120396', 'MATH01', NULL);
INSERT INTO DBO.BANGDIEM VALUES('18120396', 'MATH02', NULL);
INSERT INTO DBO.BANGDIEM VALUES('18120396', 'MATH03', NULL);
INSERT INTO DBO.BANGDIEM VALUES('18120396', 'MATH04', NULL);
INSERT INTO DBO.BANGDIEM VALUES('18120396', 'MATH05', NULL);
INSERT INTO DBO.BANGDIEM VALUES('18120396', 'MATH06', NULL);
INSERT INTO DBO.BANGDIEM VALUES('18120396', 'MATH07', NULL);
INSERT INTO DBO.BANGDIEM VALUES('18120396', 'MATH08', NULL);
INSERT INTO DBO.BANGDIEM VALUES('18120396', 'MATH09', NULL);
INSERT INTO DBO.BANGDIEM VALUES('18120396', 'INTE01', NULL);
INSERT INTO DBO.BANGDIEM VALUES('18120396', 'INTE02', NULL);
INSERT INTO DBO.BANGDIEM VALUES('18120396', 'INTE03', NULL);
INSERT INTO DBO.BANGDIEM VALUES('18120396', 'INTE04', NULL);
INSERT INTO DBO.BANGDIEM VALUES('18120396', 'INTE05', NULL);
INSERT INTO DBO.BANGDIEM VALUES('18120396', 'INTE06', NULL);
INSERT INTO DBO.BANGDIEM VALUES('18120396', 'INTE07', NULL);
INSERT INTO DBO.BANGDIEM VALUES('18120396', 'INTE08', NULL);
INSERT INTO DBO.BANGDIEM VALUES('18120396', 'INTE09', NULL);
INSERT INTO DBO.BANGDIEM VALUES('18120396', 'DCVN01', NULL);
INSERT INTO DBO.BANGDIEM VALUES('18120396', 'DCVN02', NULL);
INSERT INTO DBO.BANGDIEM VALUES('18120396', 'DCVN03', NULL);
INSERT INTO DBO.BANGDIEM VALUES('18120397', 'MATH01', NULL);
INSERT INTO DBO.BANGDIEM VALUES('18120397', 'MATH02', NULL);
INSERT INTO DBO.BANGDIEM VALUES('18120397', 'MATH03', NULL);
INSERT INTO DBO.BANGDIEM VALUES('18120397', 'MATH04', NULL);
INSERT INTO DBO.BANGDIEM VALUES('18120397', 'MATH05', NULL);
INSERT INTO DBO.BANGDIEM VALUES('18120397', 'MATH06', NULL);
INSERT INTO DBO.BANGDIEM VALUES('18120397', 'MATH07', NULL);
INSERT INTO DBO.BANGDIEM VALUES('18120397', 'MATH08', NULL);
INSERT INTO DBO.BANGDIEM VALUES('18120397', 'MATH09', NULL);
INSERT INTO DBO.BANGDIEM VALUES('18120397', 'INTE01', NULL);
INSERT INTO DBO.BANGDIEM VALUES('18120397', 'INTE02', NULL);
INSERT INTO DBO.BANGDIEM VALUES('18120397', 'INTE03', NULL);
INSERT INTO DBO.BANGDIEM VALUES('18120397', 'INTE04', NULL);
INSERT INTO DBO.BANGDIEM VALUES('18120397', 'INTE05', NULL);
INSERT INTO DBO.BANGDIEM VALUES('18120397', 'INTE06', NULL);
INSERT INTO DBO.BANGDIEM VALUES('18120397', 'INTE07', NULL);
INSERT INTO DBO.BANGDIEM VALUES('18120397', 'INTE08', NULL);
INSERT INTO DBO.BANGDIEM VALUES('18120397', 'INTE09', NULL);
INSERT INTO DBO.BANGDIEM VALUES('18120397', 'DCVN01', NULL);
INSERT INTO DBO.BANGDIEM VALUES('18120397', 'DCVN02', NULL);
INSERT INTO DBO.BANGDIEM VALUES('18120397', 'DCVN03', NULL);
INSERT INTO DBO.BANGDIEM VALUES('18120401', 'MATH01', NULL);
INSERT INTO DBO.BANGDIEM VALUES('18120401', 'MATH02', NULL);
INSERT INTO DBO.BANGDIEM VALUES('18120401', 'MATH03', NULL);
INSERT INTO DBO.BANGDIEM VALUES('18120401', 'MATH04', NULL);
INSERT INTO DBO.BANGDIEM VALUES('18120401', 'MATH05', NULL);
INSERT INTO DBO.BANGDIEM VALUES('18120401', 'MATH06', NULL);
INSERT INTO DBO.BANGDIEM VALUES('18120401', 'MATH07', NULL);
INSERT INTO DBO.BANGDIEM VALUES('18120401', 'MATH08', NULL);
INSERT INTO DBO.BANGDIEM VALUES('18120401', 'MATH09', NULL);
INSERT INTO DBO.BANGDIEM VALUES('18120401', 'INTE01', NULL);
INSERT INTO DBO.BANGDIEM VALUES('18120401', 'INTE02', NULL);
INSERT INTO DBO.BANGDIEM VALUES('18120401', 'INTE03', NULL);
INSERT INTO DBO.BANGDIEM VALUES('18120401', 'INTE04', NULL);
INSERT INTO DBO.BANGDIEM VALUES('18120401', 'INTE05', NULL);
INSERT INTO DBO.BANGDIEM VALUES('18120401', 'INTE06', NULL);
INSERT INTO DBO.BANGDIEM VALUES('18120401', 'INTE07', NULL);
INSERT INTO DBO.BANGDIEM VALUES('18120401', 'INTE08', NULL);
INSERT INTO DBO.BANGDIEM VALUES('18120401', 'INTE09', NULL);
INSERT INTO DBO.BANGDIEM VALUES('18120401', 'DCVN01', NULL);
INSERT INTO DBO.BANGDIEM VALUES('18120401', 'DCVN02', NULL);
INSERT INTO DBO.BANGDIEM VALUES('18120401', 'DCVN03', NULL);
INSERT INTO DBO.BANGDIEM VALUES('18120606', 'MATH01', NULL);
INSERT INTO DBO.BANGDIEM VALUES('18120606', 'MATH02', NULL);
INSERT INTO DBO.BANGDIEM VALUES('18120606', 'MATH03', NULL);
INSERT INTO DBO.BANGDIEM VALUES('18120606', 'MATH04', NULL);
INSERT INTO DBO.BANGDIEM VALUES('18120606', 'MATH05', NULL);
INSERT INTO DBO.BANGDIEM VALUES('18120606', 'MATH06', NULL);
INSERT INTO DBO.BANGDIEM VALUES('18120606', 'MATH07', NULL);
INSERT INTO DBO.BANGDIEM VALUES('18120606', 'MATH08', NULL);
INSERT INTO DBO.BANGDIEM VALUES('18120606', 'MATH09', NULL);
INSERT INTO DBO.BANGDIEM VALUES('18120606', 'INTE01', NULL);
INSERT INTO DBO.BANGDIEM VALUES('18120606', 'INTE02', NULL);
INSERT INTO DBO.BANGDIEM VALUES('18120606', 'INTE03', NULL);
INSERT INTO DBO.BANGDIEM VALUES('18120606', 'INTE04', NULL);
INSERT INTO DBO.BANGDIEM VALUES('18120606', 'INTE05', NULL);
INSERT INTO DBO.BANGDIEM VALUES('18120606', 'INTE06', NULL);
INSERT INTO DBO.BANGDIEM VALUES('18120606', 'INTE07', NULL);
INSERT INTO DBO.BANGDIEM VALUES('18120606', 'INTE08', NULL);
INSERT INTO DBO.BANGDIEM VALUES('18120606', 'INTE09', NULL);
INSERT INTO DBO.BANGDIEM VALUES('18120606', 'DCVN01', NULL);
INSERT INTO DBO.BANGDIEM VALUES('18120606', 'DCVN02', NULL);
INSERT INTO DBO.BANGDIEM VALUES('18120606', 'DCVN03', NULL);
INSERT INTO DBO.BANGDIEM VALUES('18120609', 'MATH01', NULL);
INSERT INTO DBO.BANGDIEM VALUES('18120609', 'MATH02', NULL);
INSERT INTO DBO.BANGDIEM VALUES('18120609', 'MATH03', NULL);
INSERT INTO DBO.BANGDIEM VALUES('18120609', 'MATH04', NULL);
INSERT INTO DBO.BANGDIEM VALUES('18120609', 'MATH05', NULL);
INSERT INTO DBO.BANGDIEM VALUES('18120609', 'MATH06', NULL);
INSERT INTO DBO.BANGDIEM VALUES('18120609', 'MATH07', NULL);
INSERT INTO DBO.BANGDIEM VALUES('18120609', 'MATH08', NULL);
INSERT INTO DBO.BANGDIEM VALUES('18120609', 'MATH09', NULL);
INSERT INTO DBO.BANGDIEM VALUES('18120609', 'INTE01', NULL);
INSERT INTO DBO.BANGDIEM VALUES('18120609', 'INTE02', NULL);
INSERT INTO DBO.BANGDIEM VALUES('18120609', 'INTE03', NULL);
INSERT INTO DBO.BANGDIEM VALUES('18120609', 'INTE04', NULL);
INSERT INTO DBO.BANGDIEM VALUES('18120609', 'INTE05', NULL);
INSERT INTO DBO.BANGDIEM VALUES('18120609', 'INTE06', NULL);
INSERT INTO DBO.BANGDIEM VALUES('18120609', 'INTE07', NULL);
INSERT INTO DBO.BANGDIEM VALUES('18120609', 'INTE08', NULL);
INSERT INTO DBO.BANGDIEM VALUES('18120609', 'INTE09', NULL);
INSERT INTO DBO.BANGDIEM VALUES('18120609', 'DCVN01', NULL);
INSERT INTO DBO.BANGDIEM VALUES('18120609', 'DCVN02', NULL);
INSERT INTO DBO.BANGDIEM VALUES('18120609', 'DCVN03', NULL);
INSERT INTO DBO.BANGDIEM VALUES('18120634', 'MATH01', NULL);
INSERT INTO DBO.BANGDIEM VALUES('18120634', 'MATH02', NULL);
INSERT INTO DBO.BANGDIEM VALUES('18120634', 'MATH03', NULL);
INSERT INTO DBO.BANGDIEM VALUES('18120634', 'MATH04', NULL);
INSERT INTO DBO.BANGDIEM VALUES('18120634', 'MATH05', NULL);
INSERT INTO DBO.BANGDIEM VALUES('18120634', 'MATH06', NULL);
INSERT INTO DBO.BANGDIEM VALUES('18120634', 'MATH07', NULL);
INSERT INTO DBO.BANGDIEM VALUES('18120634', 'MATH08', NULL);
INSERT INTO DBO.BANGDIEM VALUES('18120634', 'MATH09', NULL);
INSERT INTO DBO.BANGDIEM VALUES('18120634', 'INTE01', NULL);
INSERT INTO DBO.BANGDIEM VALUES('18120634', 'INTE02', NULL);
INSERT INTO DBO.BANGDIEM VALUES('18120634', 'INTE03', NULL);
INSERT INTO DBO.BANGDIEM VALUES('18120634', 'INTE04', NULL);
INSERT INTO DBO.BANGDIEM VALUES('18120634', 'INTE05', NULL);
INSERT INTO DBO.BANGDIEM VALUES('18120634', 'INTE06', NULL);
INSERT INTO DBO.BANGDIEM VALUES('18120634', 'INTE07', NULL);
INSERT INTO DBO.BANGDIEM VALUES('18120634', 'INTE08', NULL);
INSERT INTO DBO.BANGDIEM VALUES('18120634', 'INTE09', NULL);
INSERT INTO DBO.BANGDIEM VALUES('18120634', 'DCVN01', NULL);
INSERT INTO DBO.BANGDIEM VALUES('18120634', 'DCVN02', NULL);
INSERT INTO DBO.BANGDIEM VALUES('18120634', 'DCVN03', NULL);
INSERT INTO DBO.BANGDIEM VALUES('18120469', 'MATH01', NULL);
INSERT INTO DBO.BANGDIEM VALUES('18120469', 'MATH02', NULL);
INSERT INTO DBO.BANGDIEM VALUES('18120469', 'MATH03', NULL);
INSERT INTO DBO.BANGDIEM VALUES('18120469', 'MATH04', NULL);
INSERT INTO DBO.BANGDIEM VALUES('18120469', 'MATH05', NULL);
INSERT INTO DBO.BANGDIEM VALUES('18120469', 'MATH06', NULL);
INSERT INTO DBO.BANGDIEM VALUES('18120469', 'MATH07', NULL);
INSERT INTO DBO.BANGDIEM VALUES('18120469', 'MATH08', NULL);
INSERT INTO DBO.BANGDIEM VALUES('18120469', 'MATH09', NULL);
INSERT INTO DBO.BANGDIEM VALUES('18120469', 'INTE01', NULL);
INSERT INTO DBO.BANGDIEM VALUES('18120469', 'INTE02', NULL);
INSERT INTO DBO.BANGDIEM VALUES('18120469', 'INTE03', NULL);
INSERT INTO DBO.BANGDIEM VALUES('18120469', 'INTE04', NULL);
INSERT INTO DBO.BANGDIEM VALUES('18120469', 'INTE05', NULL);
INSERT INTO DBO.BANGDIEM VALUES('18120469', 'INTE06', NULL);
INSERT INTO DBO.BANGDIEM VALUES('18120469', 'INTE07', NULL);
INSERT INTO DBO.BANGDIEM VALUES('18120469', 'INTE08', NULL);
INSERT INTO DBO.BANGDIEM VALUES('18120469', 'INTE09', NULL);
INSERT INTO DBO.BANGDIEM VALUES('18120469', 'DCVN01', NULL);
INSERT INTO DBO.BANGDIEM VALUES('18120469', 'DCVN02', NULL);
INSERT INTO DBO.BANGDIEM VALUES('18120469', 'DCVN03', NULL);
INSERT INTO DBO.BANGDIEM VALUES('18120510', 'MATH01', NULL);
INSERT INTO DBO.BANGDIEM VALUES('18120510', 'MATH02', NULL);
INSERT INTO DBO.BANGDIEM VALUES('18120510', 'MATH03', NULL);
INSERT INTO DBO.BANGDIEM VALUES('18120510', 'MATH04', NULL);
INSERT INTO DBO.BANGDIEM VALUES('18120510', 'MATH05', NULL);
INSERT INTO DBO.BANGDIEM VALUES('18120510', 'MATH06', NULL);
INSERT INTO DBO.BANGDIEM VALUES('18120510', 'MATH07', NULL);
INSERT INTO DBO.BANGDIEM VALUES('18120510', 'MATH08', NULL);
INSERT INTO DBO.BANGDIEM VALUES('18120510', 'MATH09', NULL);
INSERT INTO DBO.BANGDIEM VALUES('18120510', 'INTE01', NULL);
INSERT INTO DBO.BANGDIEM VALUES('18120510', 'INTE02', NULL);
INSERT INTO DBO.BANGDIEM VALUES('18120510', 'INTE03', NULL);
INSERT INTO DBO.BANGDIEM VALUES('18120510', 'INTE04', NULL);
INSERT INTO DBO.BANGDIEM VALUES('18120510', 'INTE05', NULL);
INSERT INTO DBO.BANGDIEM VALUES('18120510', 'INTE06', NULL);
INSERT INTO DBO.BANGDIEM VALUES('18120510', 'INTE07', NULL);
INSERT INTO DBO.BANGDIEM VALUES('18120510', 'INTE08', NULL);
INSERT INTO DBO.BANGDIEM VALUES('18120510', 'INTE09', NULL);
INSERT INTO DBO.BANGDIEM VALUES('18120510', 'DCVN01', NULL);
INSERT INTO DBO.BANGDIEM VALUES('18120510', 'DCVN02', NULL);
INSERT INTO DBO.BANGDIEM VALUES('18120510', 'DCVN03', NULL);
INSERT INTO DBO.BANGDIEM VALUES('18120227', 'MATH01', NULL);
INSERT INTO DBO.BANGDIEM VALUES('18120227', 'MATH02', NULL);
INSERT INTO DBO.BANGDIEM VALUES('18120227', 'MATH03', NULL);
INSERT INTO DBO.BANGDIEM VALUES('18120227', 'MATH04', NULL);
INSERT INTO DBO.BANGDIEM VALUES('18120227', 'MATH05', NULL);
INSERT INTO DBO.BANGDIEM VALUES('18120227', 'MATH06', NULL);
INSERT INTO DBO.BANGDIEM VALUES('18120227', 'MATH07', NULL);
INSERT INTO DBO.BANGDIEM VALUES('18120227', 'MATH08', NULL);
INSERT INTO DBO.BANGDIEM VALUES('18120227', 'MATH09', NULL);
INSERT INTO DBO.BANGDIEM VALUES('18120227', 'INTE01', NULL);
INSERT INTO DBO.BANGDIEM VALUES('18120227', 'INTE02', NULL);
INSERT INTO DBO.BANGDIEM VALUES('18120227', 'INTE03', NULL);
INSERT INTO DBO.BANGDIEM VALUES('18120227', 'INTE04', NULL);
INSERT INTO DBO.BANGDIEM VALUES('18120227', 'INTE05', NULL);
INSERT INTO DBO.BANGDIEM VALUES('18120227', 'INTE06', NULL);
INSERT INTO DBO.BANGDIEM VALUES('18120227', 'INTE07', NULL);
INSERT INTO DBO.BANGDIEM VALUES('18120227', 'INTE08', NULL);
INSERT INTO DBO.BANGDIEM VALUES('18120227', 'INTE09', NULL);
INSERT INTO DBO.BANGDIEM VALUES('18120227', 'DCVN01', NULL);
INSERT INTO DBO.BANGDIEM VALUES('18120227', 'DCVN02', NULL);
INSERT INTO DBO.BANGDIEM VALUES('18120227', 'DCVN03', NULL);
INSERT INTO DBO.BANGDIEM VALUES('18120435', 'MATH01', NULL);
INSERT INTO DBO.BANGDIEM VALUES('18120435', 'MATH02', NULL);
INSERT INTO DBO.BANGDIEM VALUES('18120435', 'MATH03', NULL);
INSERT INTO DBO.BANGDIEM VALUES('18120435', 'MATH04', NULL);
INSERT INTO DBO.BANGDIEM VALUES('18120435', 'MATH05', NULL);
INSERT INTO DBO.BANGDIEM VALUES('18120435', 'MATH06', NULL);
INSERT INTO DBO.BANGDIEM VALUES('18120435', 'MATH07', NULL);
INSERT INTO DBO.BANGDIEM VALUES('18120435', 'MATH08', NULL);
INSERT INTO DBO.BANGDIEM VALUES('18120435', 'MATH09', NULL);
INSERT INTO DBO.BANGDIEM VALUES('18120435', 'INTE01', NULL);
INSERT INTO DBO.BANGDIEM VALUES('18120435', 'INTE02', NULL);
INSERT INTO DBO.BANGDIEM VALUES('18120435', 'INTE03', NULL);
INSERT INTO DBO.BANGDIEM VALUES('18120435', 'INTE04', NULL);
INSERT INTO DBO.BANGDIEM VALUES('18120435', 'INTE05', NULL);
INSERT INTO DBO.BANGDIEM VALUES('18120435', 'INTE06', NULL);
INSERT INTO DBO.BANGDIEM VALUES('18120435', 'INTE07', NULL);
INSERT INTO DBO.BANGDIEM VALUES('18120435', 'INTE08', NULL);
INSERT INTO DBO.BANGDIEM VALUES('18120435', 'INTE09', NULL);
INSERT INTO DBO.BANGDIEM VALUES('18120435', 'DCVN01', NULL);
INSERT INTO DBO.BANGDIEM VALUES('18120435', 'DCVN02', NULL);
INSERT INTO DBO.BANGDIEM VALUES('18120435', 'DCVN03', NULL);
INSERT INTO DBO.BANGDIEM VALUES('18120378', 'MATH01', NULL);
INSERT INTO DBO.BANGDIEM VALUES('18120378', 'MATH02', NULL);
INSERT INTO DBO.BANGDIEM VALUES('18120378', 'MATH03', NULL);
INSERT INTO DBO.BANGDIEM VALUES('18120378', 'MATH04', NULL);
INSERT INTO DBO.BANGDIEM VALUES('18120378', 'MATH05', NULL);
INSERT INTO DBO.BANGDIEM VALUES('18120378', 'MATH06', NULL);
INSERT INTO DBO.BANGDIEM VALUES('18120378', 'MATH07', NULL);
INSERT INTO DBO.BANGDIEM VALUES('18120378', 'MATH08', NULL);
INSERT INTO DBO.BANGDIEM VALUES('18120378', 'MATH09', NULL);
INSERT INTO DBO.BANGDIEM VALUES('18120378', 'INTE01', NULL);
INSERT INTO DBO.BANGDIEM VALUES('18120378', 'INTE02', NULL);
INSERT INTO DBO.BANGDIEM VALUES('18120378', 'INTE03', NULL);
INSERT INTO DBO.BANGDIEM VALUES('18120378', 'INTE04', NULL);
INSERT INTO DBO.BANGDIEM VALUES('18120378', 'INTE05', NULL);
INSERT INTO DBO.BANGDIEM VALUES('18120378', 'INTE06', NULL);
INSERT INTO DBO.BANGDIEM VALUES('18120378', 'INTE07', NULL);
INSERT INTO DBO.BANGDIEM VALUES('18120378', 'INTE08', NULL);
INSERT INTO DBO.BANGDIEM VALUES('18120378', 'INTE09', NULL);
INSERT INTO DBO.BANGDIEM VALUES('18120378', 'DCVN01', NULL);
INSERT INTO DBO.BANGDIEM VALUES('18120378', 'DCVN02', NULL);
INSERT INTO DBO.BANGDIEM VALUES('18120378', 'DCVN03', NULL);
INSERT INTO DBO.BANGDIEM VALUES('18120446', 'MATH01', NULL);
INSERT INTO DBO.BANGDIEM VALUES('18120446', 'MATH02', NULL);
INSERT INTO DBO.BANGDIEM VALUES('18120446', 'MATH03', NULL);
INSERT INTO DBO.BANGDIEM VALUES('18120446', 'MATH04', NULL);
INSERT INTO DBO.BANGDIEM VALUES('18120446', 'MATH05', NULL);
INSERT INTO DBO.BANGDIEM VALUES('18120446', 'MATH06', NULL);
INSERT INTO DBO.BANGDIEM VALUES('18120446', 'MATH07', NULL);
INSERT INTO DBO.BANGDIEM VALUES('18120446', 'MATH08', NULL);
INSERT INTO DBO.BANGDIEM VALUES('18120446', 'MATH09', NULL);
INSERT INTO DBO.BANGDIEM VALUES('18120446', 'INTE01', NULL);
INSERT INTO DBO.BANGDIEM VALUES('18120446', 'INTE02', NULL);
INSERT INTO DBO.BANGDIEM VALUES('18120446', 'INTE03', NULL);
INSERT INTO DBO.BANGDIEM VALUES('18120446', 'INTE04', NULL);
INSERT INTO DBO.BANGDIEM VALUES('18120446', 'INTE05', NULL);
INSERT INTO DBO.BANGDIEM VALUES('18120446', 'INTE06', NULL);
INSERT INTO DBO.BANGDIEM VALUES('18120446', 'INTE07', NULL);
INSERT INTO DBO.BANGDIEM VALUES('18120446', 'INTE08', NULL);
INSERT INTO DBO.BANGDIEM VALUES('18120446', 'INTE09', NULL);
INSERT INTO DBO.BANGDIEM VALUES('18120446', 'DCVN01', NULL);
INSERT INTO DBO.BANGDIEM VALUES('18120446', 'DCVN02', NULL);
INSERT INTO DBO.BANGDIEM VALUES('18120446', 'DCVN03', NULL);
INSERT INTO DBO.BANGDIEM VALUES('18120196', 'MATH01', NULL);
INSERT INTO DBO.BANGDIEM VALUES('18120196', 'MATH02', NULL);
INSERT INTO DBO.BANGDIEM VALUES('18120196', 'MATH03', NULL);
INSERT INTO DBO.BANGDIEM VALUES('18120196', 'MATH04', NULL);
INSERT INTO DBO.BANGDIEM VALUES('18120196', 'MATH05', NULL);
INSERT INTO DBO.BANGDIEM VALUES('18120196', 'MATH06', NULL);
INSERT INTO DBO.BANGDIEM VALUES('18120196', 'MATH07', NULL);
INSERT INTO DBO.BANGDIEM VALUES('18120196', 'MATH08', NULL);
INSERT INTO DBO.BANGDIEM VALUES('18120196', 'MATH09', NULL);
INSERT INTO DBO.BANGDIEM VALUES('18120196', 'INTE01', NULL);
INSERT INTO DBO.BANGDIEM VALUES('18120196', 'INTE02', NULL);
INSERT INTO DBO.BANGDIEM VALUES('18120196', 'INTE03', NULL);
INSERT INTO DBO.BANGDIEM VALUES('18120196', 'INTE04', NULL);
INSERT INTO DBO.BANGDIEM VALUES('18120196', 'INTE05', NULL);
INSERT INTO DBO.BANGDIEM VALUES('18120196', 'INTE06', NULL);
INSERT INTO DBO.BANGDIEM VALUES('18120196', 'INTE07', NULL);
INSERT INTO DBO.BANGDIEM VALUES('18120196', 'INTE08', NULL);
INSERT INTO DBO.BANGDIEM VALUES('18120196', 'INTE09', NULL);
INSERT INTO DBO.BANGDIEM VALUES('18120196', 'DCVN01', NULL);
INSERT INTO DBO.BANGDIEM VALUES('18120196', 'DCVN02', NULL);
INSERT INTO DBO.BANGDIEM VALUES('18120196', 'DCVN03', NULL);
INSERT INTO DBO.BANGDIEM VALUES('18120306', 'MATH01', NULL);
INSERT INTO DBO.BANGDIEM VALUES('18120306', 'MATH02', NULL);
INSERT INTO DBO.BANGDIEM VALUES('18120306', 'MATH03', NULL);
INSERT INTO DBO.BANGDIEM VALUES('18120306', 'MATH04', NULL);
INSERT INTO DBO.BANGDIEM VALUES('18120306', 'MATH05', NULL);
INSERT INTO DBO.BANGDIEM VALUES('18120306', 'MATH06', NULL);
INSERT INTO DBO.BANGDIEM VALUES('18120306', 'MATH07', NULL);
INSERT INTO DBO.BANGDIEM VALUES('18120306', 'MATH08', NULL);
INSERT INTO DBO.BANGDIEM VALUES('18120306', 'MATH09', NULL);
INSERT INTO DBO.BANGDIEM VALUES('18120306', 'INTE01', NULL);
INSERT INTO DBO.BANGDIEM VALUES('18120306', 'INTE02', NULL);
INSERT INTO DBO.BANGDIEM VALUES('18120306', 'INTE03', NULL);
INSERT INTO DBO.BANGDIEM VALUES('18120306', 'INTE04', NULL);
INSERT INTO DBO.BANGDIEM VALUES('18120306', 'INTE05', NULL);
INSERT INTO DBO.BANGDIEM VALUES('18120306', 'INTE06', NULL);
INSERT INTO DBO.BANGDIEM VALUES('18120306', 'INTE07', NULL);
INSERT INTO DBO.BANGDIEM VALUES('18120306', 'INTE08', NULL);
INSERT INTO DBO.BANGDIEM VALUES('18120306', 'INTE09', NULL);
INSERT INTO DBO.BANGDIEM VALUES('18120306', 'DCVN01', NULL);
INSERT INTO DBO.BANGDIEM VALUES('18120306', 'DCVN02', NULL);
INSERT INTO DBO.BANGDIEM VALUES('18120306', 'DCVN03', NULL);
INSERT INTO DBO.BANGDIEM VALUES('18120641', 'MATH01', NULL);
INSERT INTO DBO.BANGDIEM VALUES('18120641', 'MATH02', NULL);
INSERT INTO DBO.BANGDIEM VALUES('18120641', 'MATH03', NULL);
INSERT INTO DBO.BANGDIEM VALUES('18120641', 'MATH04', NULL);
INSERT INTO DBO.BANGDIEM VALUES('18120641', 'MATH05', NULL);
INSERT INTO DBO.BANGDIEM VALUES('18120641', 'MATH06', NULL);
INSERT INTO DBO.BANGDIEM VALUES('18120641', 'MATH07', NULL);
INSERT INTO DBO.BANGDIEM VALUES('18120641', 'MATH08', NULL);
INSERT INTO DBO.BANGDIEM VALUES('18120641', 'MATH09', NULL);
INSERT INTO DBO.BANGDIEM VALUES('18120641', 'INTE01', NULL);
INSERT INTO DBO.BANGDIEM VALUES('18120641', 'INTE02', NULL);
INSERT INTO DBO.BANGDIEM VALUES('18120641', 'INTE03', NULL);
INSERT INTO DBO.BANGDIEM VALUES('18120641', 'INTE04', NULL);
INSERT INTO DBO.BANGDIEM VALUES('18120641', 'INTE05', NULL);
INSERT INTO DBO.BANGDIEM VALUES('18120641', 'INTE06', NULL);
INSERT INTO DBO.BANGDIEM VALUES('18120641', 'INTE07', NULL);
INSERT INTO DBO.BANGDIEM VALUES('18120641', 'INTE08', NULL);
INSERT INTO DBO.BANGDIEM VALUES('18120641', 'INTE09', NULL);
INSERT INTO DBO.BANGDIEM VALUES('18120641', 'DCVN01', NULL);
INSERT INTO DBO.BANGDIEM VALUES('18120641', 'DCVN02', NULL);
INSERT INTO DBO.BANGDIEM VALUES('18120641', 'DCVN03', NULL);
INSERT INTO DBO.BANGDIEM VALUES('18120273', 'MATH01', NULL);
INSERT INTO DBO.BANGDIEM VALUES('18120273', 'MATH02', NULL);
INSERT INTO DBO.BANGDIEM VALUES('18120273', 'MATH03', NULL);
INSERT INTO DBO.BANGDIEM VALUES('18120273', 'MATH04', NULL);
INSERT INTO DBO.BANGDIEM VALUES('18120273', 'MATH05', NULL);
INSERT INTO DBO.BANGDIEM VALUES('18120273', 'MATH06', NULL);
INSERT INTO DBO.BANGDIEM VALUES('18120273', 'MATH07', NULL);
INSERT INTO DBO.BANGDIEM VALUES('18120273', 'MATH08', NULL);
INSERT INTO DBO.BANGDIEM VALUES('18120273', 'MATH09', NULL);
INSERT INTO DBO.BANGDIEM VALUES('18120273', 'INTE01', NULL);
INSERT INTO DBO.BANGDIEM VALUES('18120273', 'INTE02', NULL);
INSERT INTO DBO.BANGDIEM VALUES('18120273', 'INTE03', NULL);
INSERT INTO DBO.BANGDIEM VALUES('18120273', 'INTE04', NULL);
INSERT INTO DBO.BANGDIEM VALUES('18120273', 'INTE05', NULL);
INSERT INTO DBO.BANGDIEM VALUES('18120273', 'INTE06', NULL);
INSERT INTO DBO.BANGDIEM VALUES('18120273', 'INTE07', NULL);
INSERT INTO DBO.BANGDIEM VALUES('18120273', 'INTE08', NULL);
INSERT INTO DBO.BANGDIEM VALUES('18120273', 'INTE09', NULL);
INSERT INTO DBO.BANGDIEM VALUES('18120273', 'DCVN01', NULL);
INSERT INTO DBO.BANGDIEM VALUES('18120273', 'DCVN02', NULL);
INSERT INTO DBO.BANGDIEM VALUES('18120273', 'DCVN03', NULL);
INSERT INTO DBO.BANGDIEM VALUES('18120237', 'MATH01', NULL);
INSERT INTO DBO.BANGDIEM VALUES('18120237', 'MATH02', NULL);
INSERT INTO DBO.BANGDIEM VALUES('18120237', 'MATH03', NULL);
INSERT INTO DBO.BANGDIEM VALUES('18120237', 'MATH04', NULL);
INSERT INTO DBO.BANGDIEM VALUES('18120237', 'MATH05', NULL);
INSERT INTO DBO.BANGDIEM VALUES('18120237', 'MATH06', NULL);
INSERT INTO DBO.BANGDIEM VALUES('18120237', 'MATH07', NULL);
INSERT INTO DBO.BANGDIEM VALUES('18120237', 'MATH08', NULL);
INSERT INTO DBO.BANGDIEM VALUES('18120237', 'MATH09', NULL);
INSERT INTO DBO.BANGDIEM VALUES('18120237', 'INTE01', NULL);
INSERT INTO DBO.BANGDIEM VALUES('18120237', 'INTE02', NULL);
INSERT INTO DBO.BANGDIEM VALUES('18120237', 'INTE03', NULL);
INSERT INTO DBO.BANGDIEM VALUES('18120237', 'INTE04', NULL);
INSERT INTO DBO.BANGDIEM VALUES('18120237', 'INTE05', NULL);
INSERT INTO DBO.BANGDIEM VALUES('18120237', 'INTE06', NULL);
INSERT INTO DBO.BANGDIEM VALUES('18120237', 'INTE07', NULL);
INSERT INTO DBO.BANGDIEM VALUES('18120237', 'INTE08', NULL);
INSERT INTO DBO.BANGDIEM VALUES('18120237', 'INTE09', NULL);
INSERT INTO DBO.BANGDIEM VALUES('18120237', 'DCVN01', NULL);
INSERT INTO DBO.BANGDIEM VALUES('18120237', 'DCVN02', NULL);
INSERT INTO DBO.BANGDIEM VALUES('18120237', 'DCVN03', NULL);
INSERT INTO DBO.BANGDIEM VALUES('18120299', 'MATH01', NULL);
INSERT INTO DBO.BANGDIEM VALUES('18120299', 'MATH02', NULL);
INSERT INTO DBO.BANGDIEM VALUES('18120299', 'MATH03', NULL);
INSERT INTO DBO.BANGDIEM VALUES('18120299', 'MATH04', NULL);
INSERT INTO DBO.BANGDIEM VALUES('18120299', 'MATH05', NULL);
INSERT INTO DBO.BANGDIEM VALUES('18120299', 'MATH06', NULL);
INSERT INTO DBO.BANGDIEM VALUES('18120299', 'MATH07', NULL);
INSERT INTO DBO.BANGDIEM VALUES('18120299', 'MATH08', NULL);
INSERT INTO DBO.BANGDIEM VALUES('18120299', 'MATH09', NULL);
INSERT INTO DBO.BANGDIEM VALUES('18120299', 'INTE01', NULL);
INSERT INTO DBO.BANGDIEM VALUES('18120299', 'INTE02', NULL);
INSERT INTO DBO.BANGDIEM VALUES('18120299', 'INTE03', NULL);
INSERT INTO DBO.BANGDIEM VALUES('18120299', 'INTE04', NULL);
INSERT INTO DBO.BANGDIEM VALUES('18120299', 'INTE05', NULL);
INSERT INTO DBO.BANGDIEM VALUES('18120299', 'INTE06', NULL);
INSERT INTO DBO.BANGDIEM VALUES('18120299', 'INTE07', NULL);
INSERT INTO DBO.BANGDIEM VALUES('18120299', 'INTE08', NULL);
INSERT INTO DBO.BANGDIEM VALUES('18120299', 'INTE09', NULL);
INSERT INTO DBO.BANGDIEM VALUES('18120299', 'DCVN01', NULL);
INSERT INTO DBO.BANGDIEM VALUES('18120299', 'DCVN02', NULL);
INSERT INTO DBO.BANGDIEM VALUES('18120299', 'DCVN03', NULL);
INSERT INTO DBO.BANGDIEM VALUES('18120214', 'MATH01', NULL);
INSERT INTO DBO.BANGDIEM VALUES('18120214', 'MATH02', NULL);
INSERT INTO DBO.BANGDIEM VALUES('18120214', 'MATH03', NULL);
INSERT INTO DBO.BANGDIEM VALUES('18120214', 'MATH04', NULL);
INSERT INTO DBO.BANGDIEM VALUES('18120214', 'MATH05', NULL);
INSERT INTO DBO.BANGDIEM VALUES('18120214', 'MATH06', NULL);
INSERT INTO DBO.BANGDIEM VALUES('18120214', 'MATH07', NULL);
INSERT INTO DBO.BANGDIEM VALUES('18120214', 'MATH08', NULL);
INSERT INTO DBO.BANGDIEM VALUES('18120214', 'MATH09', NULL);
INSERT INTO DBO.BANGDIEM VALUES('18120214', 'INTE01', NULL);
INSERT INTO DBO.BANGDIEM VALUES('18120214', 'INTE02', NULL);
INSERT INTO DBO.BANGDIEM VALUES('18120214', 'INTE03', NULL);
INSERT INTO DBO.BANGDIEM VALUES('18120214', 'INTE04', NULL);
INSERT INTO DBO.BANGDIEM VALUES('18120214', 'INTE05', NULL);
INSERT INTO DBO.BANGDIEM VALUES('18120214', 'INTE06', NULL);
INSERT INTO DBO.BANGDIEM VALUES('18120214', 'INTE07', NULL);
INSERT INTO DBO.BANGDIEM VALUES('18120214', 'INTE08', NULL);
INSERT INTO DBO.BANGDIEM VALUES('18120214', 'INTE09', NULL);
INSERT INTO DBO.BANGDIEM VALUES('18120214', 'DCVN01', NULL);
INSERT INTO DBO.BANGDIEM VALUES('18120214', 'DCVN02', NULL);
INSERT INTO DBO.BANGDIEM VALUES('18120214', 'DCVN03', NULL);
INSERT INTO DBO.BANGDIEM VALUES('18120215', 'MATH01', NULL);
INSERT INTO DBO.BANGDIEM VALUES('18120215', 'MATH02', NULL);
INSERT INTO DBO.BANGDIEM VALUES('18120215', 'MATH03', NULL);
INSERT INTO DBO.BANGDIEM VALUES('18120215', 'MATH04', NULL);
INSERT INTO DBO.BANGDIEM VALUES('18120215', 'MATH05', NULL);
INSERT INTO DBO.BANGDIEM VALUES('18120215', 'MATH06', NULL);
INSERT INTO DBO.BANGDIEM VALUES('18120215', 'MATH07', NULL);
INSERT INTO DBO.BANGDIEM VALUES('18120215', 'MATH08', NULL);
INSERT INTO DBO.BANGDIEM VALUES('18120215', 'MATH09', NULL);
INSERT INTO DBO.BANGDIEM VALUES('18120215', 'INTE01', NULL);
INSERT INTO DBO.BANGDIEM VALUES('18120215', 'INTE02', NULL);
INSERT INTO DBO.BANGDIEM VALUES('18120215', 'INTE03', NULL);
INSERT INTO DBO.BANGDIEM VALUES('18120215', 'INTE04', NULL);
INSERT INTO DBO.BANGDIEM VALUES('18120215', 'INTE05', NULL);
INSERT INTO DBO.BANGDIEM VALUES('18120215', 'INTE06', NULL);
INSERT INTO DBO.BANGDIEM VALUES('18120215', 'INTE07', NULL);
INSERT INTO DBO.BANGDIEM VALUES('18120215', 'INTE08', NULL);
INSERT INTO DBO.BANGDIEM VALUES('18120215', 'INTE09', NULL);
INSERT INTO DBO.BANGDIEM VALUES('18120215', 'DCVN01', NULL);
INSERT INTO DBO.BANGDIEM VALUES('18120215', 'DCVN02', NULL);
INSERT INTO DBO.BANGDIEM VALUES('18120215', 'DCVN03', NULL);
INSERT INTO DBO.BANGDIEM VALUES('18120456', 'MATH01', NULL);
INSERT INTO DBO.BANGDIEM VALUES('18120456', 'MATH02', NULL);
INSERT INTO DBO.BANGDIEM VALUES('18120456', 'MATH03', NULL);
INSERT INTO DBO.BANGDIEM VALUES('18120456', 'MATH04', NULL);
INSERT INTO DBO.BANGDIEM VALUES('18120456', 'MATH05', NULL);
INSERT INTO DBO.BANGDIEM VALUES('18120456', 'MATH06', NULL);
INSERT INTO DBO.BANGDIEM VALUES('18120456', 'MATH07', NULL);
INSERT INTO DBO.BANGDIEM VALUES('18120456', 'MATH08', NULL);
INSERT INTO DBO.BANGDIEM VALUES('18120456', 'MATH09', NULL);
INSERT INTO DBO.BANGDIEM VALUES('18120456', 'INTE01', NULL);
INSERT INTO DBO.BANGDIEM VALUES('18120456', 'INTE02', NULL);
INSERT INTO DBO.BANGDIEM VALUES('18120456', 'INTE03', NULL);
INSERT INTO DBO.BANGDIEM VALUES('18120456', 'INTE04', NULL);
INSERT INTO DBO.BANGDIEM VALUES('18120456', 'INTE05', NULL);
INSERT INTO DBO.BANGDIEM VALUES('18120456', 'INTE06', NULL);
INSERT INTO DBO.BANGDIEM VALUES('18120456', 'INTE07', NULL);
INSERT INTO DBO.BANGDIEM VALUES('18120456', 'INTE08', NULL);
INSERT INTO DBO.BANGDIEM VALUES('18120456', 'INTE09', NULL);
INSERT INTO DBO.BANGDIEM VALUES('18120456', 'DCVN01', NULL);
INSERT INTO DBO.BANGDIEM VALUES('18120456', 'DCVN02', NULL);
INSERT INTO DBO.BANGDIEM VALUES('18120456', 'DCVN03', NULL);
INSERT INTO DBO.BANGDIEM VALUES('18120645', 'MATH01', NULL);
INSERT INTO DBO.BANGDIEM VALUES('18120645', 'MATH02', NULL);
INSERT INTO DBO.BANGDIEM VALUES('18120645', 'MATH03', NULL);
INSERT INTO DBO.BANGDIEM VALUES('18120645', 'MATH04', NULL);
INSERT INTO DBO.BANGDIEM VALUES('18120645', 'MATH05', NULL);
INSERT INTO DBO.BANGDIEM VALUES('18120645', 'MATH06', NULL);
INSERT INTO DBO.BANGDIEM VALUES('18120645', 'MATH07', NULL);
INSERT INTO DBO.BANGDIEM VALUES('18120645', 'MATH08', NULL);
INSERT INTO DBO.BANGDIEM VALUES('18120645', 'MATH09', NULL);
INSERT INTO DBO.BANGDIEM VALUES('18120645', 'INTE01', NULL);
INSERT INTO DBO.BANGDIEM VALUES('18120645', 'INTE02', NULL);
INSERT INTO DBO.BANGDIEM VALUES('18120645', 'INTE03', NULL);
INSERT INTO DBO.BANGDIEM VALUES('18120645', 'INTE04', NULL);
INSERT INTO DBO.BANGDIEM VALUES('18120645', 'INTE05', NULL);
INSERT INTO DBO.BANGDIEM VALUES('18120645', 'INTE06', NULL);
INSERT INTO DBO.BANGDIEM VALUES('18120645', 'INTE07', NULL);
INSERT INTO DBO.BANGDIEM VALUES('18120645', 'INTE08', NULL);
INSERT INTO DBO.BANGDIEM VALUES('18120645', 'INTE09', NULL);
INSERT INTO DBO.BANGDIEM VALUES('18120645', 'DCVN01', NULL);
INSERT INTO DBO.BANGDIEM VALUES('18120645', 'DCVN02', NULL);
INSERT INTO DBO.BANGDIEM VALUES('18120645', 'DCVN03', NULL);
INSERT INTO DBO.BANGDIEM VALUES('18120557', 'MATH01', NULL);
INSERT INTO DBO.BANGDIEM VALUES('18120557', 'MATH02', NULL);
INSERT INTO DBO.BANGDIEM VALUES('18120557', 'MATH03', NULL);
INSERT INTO DBO.BANGDIEM VALUES('18120557', 'MATH04', NULL);
INSERT INTO DBO.BANGDIEM VALUES('18120557', 'MATH05', NULL);
INSERT INTO DBO.BANGDIEM VALUES('18120557', 'MATH06', NULL);
INSERT INTO DBO.BANGDIEM VALUES('18120557', 'MATH07', NULL);
INSERT INTO DBO.BANGDIEM VALUES('18120557', 'MATH08', NULL);
INSERT INTO DBO.BANGDIEM VALUES('18120557', 'MATH09', NULL);
INSERT INTO DBO.BANGDIEM VALUES('18120557', 'INTE01', NULL);
INSERT INTO DBO.BANGDIEM VALUES('18120557', 'INTE02', NULL);
INSERT INTO DBO.BANGDIEM VALUES('18120557', 'INTE03', NULL);
INSERT INTO DBO.BANGDIEM VALUES('18120557', 'INTE04', NULL);
INSERT INTO DBO.BANGDIEM VALUES('18120557', 'INTE05', NULL);
INSERT INTO DBO.BANGDIEM VALUES('18120557', 'INTE06', NULL);
INSERT INTO DBO.BANGDIEM VALUES('18120557', 'INTE07', NULL);
INSERT INTO DBO.BANGDIEM VALUES('18120557', 'INTE08', NULL);
INSERT INTO DBO.BANGDIEM VALUES('18120557', 'INTE09', NULL);
INSERT INTO DBO.BANGDIEM VALUES('18120557', 'DCVN01', NULL);
INSERT INTO DBO.BANGDIEM VALUES('18120557', 'DCVN02', NULL);
INSERT INTO DBO.BANGDIEM VALUES('18120557', 'DCVN03', NULL);
INSERT INTO DBO.BANGDIEM VALUES('18120627', 'MATH01', NULL);
INSERT INTO DBO.BANGDIEM VALUES('18120627', 'MATH02', NULL);
INSERT INTO DBO.BANGDIEM VALUES('18120627', 'MATH03', NULL);
INSERT INTO DBO.BANGDIEM VALUES('18120627', 'MATH04', NULL);
INSERT INTO DBO.BANGDIEM VALUES('18120627', 'MATH05', NULL);
INSERT INTO DBO.BANGDIEM VALUES('18120627', 'MATH06', NULL);
INSERT INTO DBO.BANGDIEM VALUES('18120627', 'MATH07', NULL);
INSERT INTO DBO.BANGDIEM VALUES('18120627', 'MATH08', NULL);
INSERT INTO DBO.BANGDIEM VALUES('18120627', 'MATH09', NULL);
INSERT INTO DBO.BANGDIEM VALUES('18120627', 'INTE01', NULL);
INSERT INTO DBO.BANGDIEM VALUES('18120627', 'INTE02', NULL);
INSERT INTO DBO.BANGDIEM VALUES('18120627', 'INTE03', NULL);
INSERT INTO DBO.BANGDIEM VALUES('18120627', 'INTE04', NULL);
INSERT INTO DBO.BANGDIEM VALUES('18120627', 'INTE05', NULL);
INSERT INTO DBO.BANGDIEM VALUES('18120627', 'INTE06', NULL);
INSERT INTO DBO.BANGDIEM VALUES('18120627', 'INTE07', NULL);
INSERT INTO DBO.BANGDIEM VALUES('18120627', 'INTE08', NULL);
INSERT INTO DBO.BANGDIEM VALUES('18120627', 'INTE09', NULL);
INSERT INTO DBO.BANGDIEM VALUES('18120627', 'DCVN01', NULL);
INSERT INTO DBO.BANGDIEM VALUES('18120627', 'DCVN02', NULL);
INSERT INTO DBO.BANGDIEM VALUES('18120627', 'DCVN03', NULL);
INSERT INTO DBO.BANGDIEM VALUES('1712373', 'MATH01', NULL);
INSERT INTO DBO.BANGDIEM VALUES('1712373', 'MATH02', NULL);
INSERT INTO DBO.BANGDIEM VALUES('1712373', 'MATH03', NULL);
INSERT INTO DBO.BANGDIEM VALUES('1712373', 'MATH04', NULL);
INSERT INTO DBO.BANGDIEM VALUES('1712373', 'MATH05', NULL);
INSERT INTO DBO.BANGDIEM VALUES('1712373', 'MATH06', NULL);
INSERT INTO DBO.BANGDIEM VALUES('1712373', 'MATH07', NULL);
INSERT INTO DBO.BANGDIEM VALUES('1712373', 'MATH08', NULL);
INSERT INTO DBO.BANGDIEM VALUES('1712373', 'MATH09', NULL);
INSERT INTO DBO.BANGDIEM VALUES('1712373', 'INTE01', NULL);
INSERT INTO DBO.BANGDIEM VALUES('1712373', 'INTE02', NULL);
INSERT INTO DBO.BANGDIEM VALUES('1712373', 'INTE03', NULL);
INSERT INTO DBO.BANGDIEM VALUES('1712373', 'INTE04', NULL);
INSERT INTO DBO.BANGDIEM VALUES('1712373', 'INTE05', NULL);
INSERT INTO DBO.BANGDIEM VALUES('1712373', 'INTE06', NULL);
INSERT INTO DBO.BANGDIEM VALUES('1712373', 'INTE07', NULL);
INSERT INTO DBO.BANGDIEM VALUES('1712373', 'INTE08', NULL);
INSERT INTO DBO.BANGDIEM VALUES('1712373', 'INTE09', NULL);
INSERT INTO DBO.BANGDIEM VALUES('1712373', 'DCVN01', NULL);
INSERT INTO DBO.BANGDIEM VALUES('1712373', 'DCVN02', NULL);
INSERT INTO DBO.BANGDIEM VALUES('1712373', 'DCVN03', NULL);
INSERT INTO DBO.BANGDIEM VALUES('1712308', 'MATH01', NULL);
INSERT INTO DBO.BANGDIEM VALUES('1712308', 'MATH02', NULL);
INSERT INTO DBO.BANGDIEM VALUES('1712308', 'MATH03', NULL);
INSERT INTO DBO.BANGDIEM VALUES('1712308', 'MATH04', NULL);
INSERT INTO DBO.BANGDIEM VALUES('1712308', 'MATH05', NULL);
INSERT INTO DBO.BANGDIEM VALUES('1712308', 'MATH06', NULL);
INSERT INTO DBO.BANGDIEM VALUES('1712308', 'MATH07', NULL);
INSERT INTO DBO.BANGDIEM VALUES('1712308', 'MATH08', NULL);
INSERT INTO DBO.BANGDIEM VALUES('1712308', 'MATH09', NULL);
INSERT INTO DBO.BANGDIEM VALUES('1712308', 'INTE01', NULL);
INSERT INTO DBO.BANGDIEM VALUES('1712308', 'INTE02', NULL);
INSERT INTO DBO.BANGDIEM VALUES('1712308', 'INTE03', NULL);
INSERT INTO DBO.BANGDIEM VALUES('1712308', 'INTE04', NULL);
INSERT INTO DBO.BANGDIEM VALUES('1712308', 'INTE05', NULL);
INSERT INTO DBO.BANGDIEM VALUES('1712308', 'INTE06', NULL);
INSERT INTO DBO.BANGDIEM VALUES('1712308', 'INTE07', NULL);
INSERT INTO DBO.BANGDIEM VALUES('1712308', 'INTE08', NULL);
INSERT INTO DBO.BANGDIEM VALUES('1712308', 'INTE09', NULL);
INSERT INTO DBO.BANGDIEM VALUES('1712308', 'DCVN01', NULL);
INSERT INTO DBO.BANGDIEM VALUES('1712308', 'DCVN02', NULL);
INSERT INTO DBO.BANGDIEM VALUES('1712308', 'DCVN03', NULL);
INSERT INTO DBO.BANGDIEM VALUES('1612630', 'MATH01', NULL);
INSERT INTO DBO.BANGDIEM VALUES('1612630', 'MATH02', NULL);
INSERT INTO DBO.BANGDIEM VALUES('1612630', 'MATH03', NULL);
INSERT INTO DBO.BANGDIEM VALUES('1612630', 'MATH04', NULL);
INSERT INTO DBO.BANGDIEM VALUES('1612630', 'MATH05', NULL);
INSERT INTO DBO.BANGDIEM VALUES('1612630', 'MATH06', NULL);
INSERT INTO DBO.BANGDIEM VALUES('1612630', 'MATH07', NULL);
INSERT INTO DBO.BANGDIEM VALUES('1612630', 'MATH08', NULL);
INSERT INTO DBO.BANGDIEM VALUES('1612630', 'MATH09', NULL);
INSERT INTO DBO.BANGDIEM VALUES('1612630', 'INTE01', NULL);
INSERT INTO DBO.BANGDIEM VALUES('1612630', 'INTE02', NULL);
INSERT INTO DBO.BANGDIEM VALUES('1612630', 'INTE03', NULL);
INSERT INTO DBO.BANGDIEM VALUES('1612630', 'INTE04', NULL);
INSERT INTO DBO.BANGDIEM VALUES('1612630', 'INTE05', NULL);
INSERT INTO DBO.BANGDIEM VALUES('1612630', 'INTE06', NULL);
INSERT INTO DBO.BANGDIEM VALUES('1612630', 'INTE07', NULL);
INSERT INTO DBO.BANGDIEM VALUES('1612630', 'INTE08', NULL);
INSERT INTO DBO.BANGDIEM VALUES('1612630', 'INTE09', NULL);
INSERT INTO DBO.BANGDIEM VALUES('1612630', 'DCVN01', NULL);
INSERT INTO DBO.BANGDIEM VALUES('1612630', 'DCVN02', NULL);
INSERT INTO DBO.BANGDIEM VALUES('1612630', 'DCVN03', NULL);
INSERT INTO DBO.BANGDIEM VALUES('1712362', 'MATH01', NULL);
INSERT INTO DBO.BANGDIEM VALUES('1712362', 'MATH02', NULL);
INSERT INTO DBO.BANGDIEM VALUES('1712362', 'MATH03', NULL);
INSERT INTO DBO.BANGDIEM VALUES('1712362', 'MATH04', NULL);
INSERT INTO DBO.BANGDIEM VALUES('1712362', 'MATH05', NULL);
INSERT INTO DBO.BANGDIEM VALUES('1712362', 'MATH06', NULL);
INSERT INTO DBO.BANGDIEM VALUES('1712362', 'MATH07', NULL);
INSERT INTO DBO.BANGDIEM VALUES('1712362', 'MATH08', NULL);
INSERT INTO DBO.BANGDIEM VALUES('1712362', 'MATH09', NULL);
INSERT INTO DBO.BANGDIEM VALUES('1712362', 'INTE01', NULL);
INSERT INTO DBO.BANGDIEM VALUES('1712362', 'INTE02', NULL);
INSERT INTO DBO.BANGDIEM VALUES('1712362', 'INTE03', NULL);
INSERT INTO DBO.BANGDIEM VALUES('1712362', 'INTE04', NULL);
INSERT INTO DBO.BANGDIEM VALUES('1712362', 'INTE05', NULL);
INSERT INTO DBO.BANGDIEM VALUES('1712362', 'INTE06', NULL);
INSERT INTO DBO.BANGDIEM VALUES('1712362', 'INTE07', NULL);
INSERT INTO DBO.BANGDIEM VALUES('1712362', 'INTE08', NULL);
INSERT INTO DBO.BANGDIEM VALUES('1712362', 'INTE09', NULL);
INSERT INTO DBO.BANGDIEM VALUES('1712362', 'DCVN01', NULL);
INSERT INTO DBO.BANGDIEM VALUES('1712362', 'DCVN02', NULL);
INSERT INTO DBO.BANGDIEM VALUES('1712362', 'DCVN03', NULL);
INSERT INTO DBO.BANGDIEM VALUES('1712935', 'MATH01', NULL);
INSERT INTO DBO.BANGDIEM VALUES('1712935', 'MATH02', NULL);
INSERT INTO DBO.BANGDIEM VALUES('1712935', 'MATH03', NULL);
INSERT INTO DBO.BANGDIEM VALUES('1712935', 'MATH04', NULL);
INSERT INTO DBO.BANGDIEM VALUES('1712935', 'MATH05', NULL);
INSERT INTO DBO.BANGDIEM VALUES('1712935', 'MATH06', NULL);
INSERT INTO DBO.BANGDIEM VALUES('1712935', 'MATH07', NULL);
INSERT INTO DBO.BANGDIEM VALUES('1712935', 'MATH08', NULL);
INSERT INTO DBO.BANGDIEM VALUES('1712935', 'MATH09', NULL);
INSERT INTO DBO.BANGDIEM VALUES('1712935', 'INTE02', NULL);
INSERT INTO DBO.BANGDIEM VALUES('1712935', 'INTE03', NULL);
INSERT INTO DBO.BANGDIEM VALUES('1712935', 'INTE04', NULL);
INSERT INTO DBO.BANGDIEM VALUES('1712935', 'INTE05', NULL);
INSERT INTO DBO.BANGDIEM VALUES('1712935', 'INTE06', NULL);
INSERT INTO DBO.BANGDIEM VALUES('1712935', 'INTE07', NULL);
INSERT INTO DBO.BANGDIEM VALUES('1712935', 'INTE08', NULL);
INSERT INTO DBO.BANGDIEM VALUES('1712935', 'INTE09', NULL);
INSERT INTO DBO.BANGDIEM VALUES('1712935', 'DCVN01', NULL);
INSERT INTO DBO.BANGDIEM VALUES('1712935', 'DCVN02', NULL);
INSERT INTO DBO.BANGDIEM VALUES('1712935', 'DCVN03', NULL);
INSERT INTO DBO.BANGDIEM VALUES('18120637', 'MATH01', NULL);
INSERT INTO DBO.BANGDIEM VALUES('18120637', 'MATH02', NULL);
INSERT INTO DBO.BANGDIEM VALUES('18120637', 'MATH03', NULL);
INSERT INTO DBO.BANGDIEM VALUES('18120637', 'MATH04', NULL);
INSERT INTO DBO.BANGDIEM VALUES('18120637', 'MATH05', NULL);
INSERT INTO DBO.BANGDIEM VALUES('18120637', 'MATH06', NULL);
INSERT INTO DBO.BANGDIEM VALUES('18120637', 'MATH07', NULL);
INSERT INTO DBO.BANGDIEM VALUES('18120637', 'MATH08', NULL);
INSERT INTO DBO.BANGDIEM VALUES('18120637', 'MATH09', NULL);
INSERT INTO DBO.BANGDIEM VALUES('18120637', 'INTE01', NULL);
INSERT INTO DBO.BANGDIEM VALUES('18120637', 'INTE02', NULL);
INSERT INTO DBO.BANGDIEM VALUES('18120637', 'INTE03', NULL);
INSERT INTO DBO.BANGDIEM VALUES('18120637', 'INTE04', NULL);
INSERT INTO DBO.BANGDIEM VALUES('18120637', 'INTE05', NULL);
INSERT INTO DBO.BANGDIEM VALUES('18120637', 'INTE06', NULL);
INSERT INTO DBO.BANGDIEM VALUES('18120637', 'INTE07', NULL);
INSERT INTO DBO.BANGDIEM VALUES('18120637', 'INTE08', NULL);
INSERT INTO DBO.BANGDIEM VALUES('18120637', 'INTE09', NULL);
INSERT INTO DBO.BANGDIEM VALUES('18120637', 'DCVN01', NULL);
INSERT INTO DBO.BANGDIEM VALUES('18120637', 'DCVN02', NULL);
INSERT INTO DBO.BANGDIEM VALUES('18120637', 'DCVN03', NULL);
INSERT INTO DBO.BANGDIEM VALUES('18120657', 'MATH01', NULL);
INSERT INTO DBO.BANGDIEM VALUES('18120657', 'MATH02', NULL);
INSERT INTO DBO.BANGDIEM VALUES('18120657', 'MATH03', NULL);
INSERT INTO DBO.BANGDIEM VALUES('18120657', 'MATH04', NULL);
INSERT INTO DBO.BANGDIEM VALUES('18120657', 'MATH05', NULL);
INSERT INTO DBO.BANGDIEM VALUES('18120657', 'MATH06', NULL);
INSERT INTO DBO.BANGDIEM VALUES('18120657', 'MATH07', NULL);
INSERT INTO DBO.BANGDIEM VALUES('18120657', 'MATH08', NULL);
INSERT INTO DBO.BANGDIEM VALUES('18120657', 'MATH09', NULL);
INSERT INTO DBO.BANGDIEM VALUES('18120657', 'INTE01', NULL);
INSERT INTO DBO.BANGDIEM VALUES('18120657', 'INTE02', NULL);
INSERT INTO DBO.BANGDIEM VALUES('18120657', 'INTE03', NULL);
INSERT INTO DBO.BANGDIEM VALUES('18120657', 'INTE04', NULL);
INSERT INTO DBO.BANGDIEM VALUES('18120657', 'INTE05', NULL);
INSERT INTO DBO.BANGDIEM VALUES('18120657', 'INTE06', NULL);
INSERT INTO DBO.BANGDIEM VALUES('18120657', 'INTE07', NULL);
INSERT INTO DBO.BANGDIEM VALUES('18120657', 'INTE08', NULL);
INSERT INTO DBO.BANGDIEM VALUES('18120657', 'INTE09', NULL);
INSERT INTO DBO.BANGDIEM VALUES('18120657', 'DCVN01', NULL);
INSERT INTO DBO.BANGDIEM VALUES('18120657', 'DCVN02', NULL);
INSERT INTO DBO.BANGDIEM VALUES('18120657', 'DCVN03', NULL);
INSERT INTO DBO.BANGDIEM VALUES('18120577', 'MATH01', NULL);
INSERT INTO DBO.BANGDIEM VALUES('18120577', 'MATH02', NULL);
INSERT INTO DBO.BANGDIEM VALUES('18120577', 'MATH03', NULL);
INSERT INTO DBO.BANGDIEM VALUES('18120577', 'MATH04', NULL);
INSERT INTO DBO.BANGDIEM VALUES('18120577', 'MATH05', NULL);
INSERT INTO DBO.BANGDIEM VALUES('18120577', 'MATH06', NULL);
INSERT INTO DBO.BANGDIEM VALUES('18120577', 'MATH07', NULL);
INSERT INTO DBO.BANGDIEM VALUES('18120577', 'MATH08', NULL);
INSERT INTO DBO.BANGDIEM VALUES('18120577', 'MATH09', NULL);
INSERT INTO DBO.BANGDIEM VALUES('18120577', 'INTE01', NULL);
INSERT INTO DBO.BANGDIEM VALUES('18120577', 'INTE02', NULL);
INSERT INTO DBO.BANGDIEM VALUES('18120577', 'INTE03', NULL);
INSERT INTO DBO.BANGDIEM VALUES('18120577', 'INTE04', NULL);
INSERT INTO DBO.BANGDIEM VALUES('18120577', 'INTE05', NULL);
INSERT INTO DBO.BANGDIEM VALUES('18120577', 'INTE06', NULL);
INSERT INTO DBO.BANGDIEM VALUES('18120577', 'INTE07', NULL);
INSERT INTO DBO.BANGDIEM VALUES('18120577', 'INTE08', NULL);
INSERT INTO DBO.BANGDIEM VALUES('18120577', 'INTE09', NULL);
INSERT INTO DBO.BANGDIEM VALUES('18120577', 'DCVN01', NULL);
INSERT INTO DBO.BANGDIEM VALUES('18120577', 'DCVN02', NULL);
INSERT INTO DBO.BANGDIEM VALUES('18120577', 'DCVN03', NULL);
INSERT INTO DBO.BANGDIEM VALUES('18120642', 'MATH01', NULL);
INSERT INTO DBO.BANGDIEM VALUES('18120642', 'MATH02', NULL);
INSERT INTO DBO.BANGDIEM VALUES('18120642', 'MATH03', NULL);
INSERT INTO DBO.BANGDIEM VALUES('18120642', 'MATH04', NULL);
INSERT INTO DBO.BANGDIEM VALUES('18120642', 'MATH05', NULL);
INSERT INTO DBO.BANGDIEM VALUES('18120642', 'MATH06', NULL);
INSERT INTO DBO.BANGDIEM VALUES('18120642', 'MATH07', NULL);
INSERT INTO DBO.BANGDIEM VALUES('18120642', 'MATH08', NULL);
INSERT INTO DBO.BANGDIEM VALUES('18120642', 'MATH09', NULL);
INSERT INTO DBO.BANGDIEM VALUES('18120642', 'INTE01', NULL);
INSERT INTO DBO.BANGDIEM VALUES('18120642', 'INTE02', NULL);
INSERT INTO DBO.BANGDIEM VALUES('18120642', 'INTE03', NULL);
INSERT INTO DBO.BANGDIEM VALUES('18120642', 'INTE04', NULL);
INSERT INTO DBO.BANGDIEM VALUES('18120642', 'INTE05', NULL);
INSERT INTO DBO.BANGDIEM VALUES('18120642', 'INTE06', NULL);
INSERT INTO DBO.BANGDIEM VALUES('18120642', 'INTE07', NULL);
INSERT INTO DBO.BANGDIEM VALUES('18120642', 'INTE08', NULL);
INSERT INTO DBO.BANGDIEM VALUES('18120642', 'INTE09', NULL);
INSERT INTO DBO.BANGDIEM VALUES('18120642', 'DCVN01', NULL);
INSERT INTO DBO.BANGDIEM VALUES('18120642', 'DCVN02', NULL);
INSERT INTO DBO.BANGDIEM VALUES('18120642', 'DCVN03', NULL);
INSERT INTO DBO.BANGDIEM VALUES('1712781', 'MATH01', NULL);
INSERT INTO DBO.BANGDIEM VALUES('1712781', 'MATH02', NULL);
INSERT INTO DBO.BANGDIEM VALUES('1712781', 'MATH03', NULL);
INSERT INTO DBO.BANGDIEM VALUES('1712781', 'MATH04', NULL);
INSERT INTO DBO.BANGDIEM VALUES('1712781', 'MATH05', NULL);
INSERT INTO DBO.BANGDIEM VALUES('1712781', 'MATH06', NULL);
INSERT INTO DBO.BANGDIEM VALUES('1712781', 'MATH07', NULL);
INSERT INTO DBO.BANGDIEM VALUES('1712781', 'MATH08', NULL);
INSERT INTO DBO.BANGDIEM VALUES('1712781', 'MATH09', NULL);
INSERT INTO DBO.BANGDIEM VALUES('1712781', 'INTE01', NULL);
INSERT INTO DBO.BANGDIEM VALUES('1712781', 'INTE02', NULL);
INSERT INTO DBO.BANGDIEM VALUES('1712781', 'INTE03', NULL);
INSERT INTO DBO.BANGDIEM VALUES('1712781', 'INTE04', NULL);
INSERT INTO DBO.BANGDIEM VALUES('1712781', 'INTE05', NULL);
INSERT INTO DBO.BANGDIEM VALUES('1712781', 'INTE06', NULL);
INSERT INTO DBO.BANGDIEM VALUES('1712781', 'INTE07', NULL);
INSERT INTO DBO.BANGDIEM VALUES('1712781', 'INTE08', NULL);
INSERT INTO DBO.BANGDIEM VALUES('1712781', 'INTE09', NULL);
INSERT INTO DBO.BANGDIEM VALUES('1712781', 'DCVN01', NULL);
INSERT INTO DBO.BANGDIEM VALUES('1712781', 'DCVN02', NULL);
INSERT INTO DBO.BANGDIEM VALUES('1712781', 'DCVN03', NULL);
INSERT INTO DBO.BANGDIEM VALUES('18120400', 'MATH01', NULL);
INSERT INTO DBO.BANGDIEM VALUES('18120400', 'MATH02', NULL);
INSERT INTO DBO.BANGDIEM VALUES('18120400', 'MATH03', NULL);
INSERT INTO DBO.BANGDIEM VALUES('18120400', 'MATH04', NULL);
INSERT INTO DBO.BANGDIEM VALUES('18120400', 'MATH05', NULL);
INSERT INTO DBO.BANGDIEM VALUES('18120400', 'MATH06', NULL);
INSERT INTO DBO.BANGDIEM VALUES('18120400', 'MATH07', NULL);
INSERT INTO DBO.BANGDIEM VALUES('18120400', 'MATH08', NULL);
INSERT INTO DBO.BANGDIEM VALUES('18120400', 'MATH09', NULL);
INSERT INTO DBO.BANGDIEM VALUES('18120400', 'INTE01', NULL);
INSERT INTO DBO.BANGDIEM VALUES('18120400', 'INTE02', NULL);
INSERT INTO DBO.BANGDIEM VALUES('18120400', 'INTE03', NULL);
INSERT INTO DBO.BANGDIEM VALUES('18120400', 'INTE04', NULL);
INSERT INTO DBO.BANGDIEM VALUES('18120400', 'INTE05', NULL);
INSERT INTO DBO.BANGDIEM VALUES('18120400', 'INTE06', NULL);
INSERT INTO DBO.BANGDIEM VALUES('18120400', 'INTE07', NULL);
INSERT INTO DBO.BANGDIEM VALUES('18120400', 'INTE08', NULL);
INSERT INTO DBO.BANGDIEM VALUES('18120400', 'INTE09', NULL);
INSERT INTO DBO.BANGDIEM VALUES('18120400', 'DCVN01', NULL);
INSERT INTO DBO.BANGDIEM VALUES('18120400', 'DCVN03', NULL);
INSERT INTO DBO.BANGDIEM VALUES('18120560', 'MATH01', NULL);
INSERT INTO DBO.BANGDIEM VALUES('18120560', 'MATH02', NULL);
INSERT INTO DBO.BANGDIEM VALUES('18120560', 'MATH03', NULL);
INSERT INTO DBO.BANGDIEM VALUES('18120560', 'MATH04', NULL);
INSERT INTO DBO.BANGDIEM VALUES('18120560', 'MATH05', NULL);
INSERT INTO DBO.BANGDIEM VALUES('18120560', 'MATH06', NULL);
INSERT INTO DBO.BANGDIEM VALUES('18120560', 'MATH07', NULL);
INSERT INTO DBO.BANGDIEM VALUES('18120560', 'MATH08', NULL);
INSERT INTO DBO.BANGDIEM VALUES('18120560', 'MATH09', NULL);
INSERT INTO DBO.BANGDIEM VALUES('18120560', 'INTE01', NULL);
INSERT INTO DBO.BANGDIEM VALUES('18120560', 'INTE02', NULL);
INSERT INTO DBO.BANGDIEM VALUES('18120560', 'INTE03', NULL);
INSERT INTO DBO.BANGDIEM VALUES('18120560', 'INTE04', NULL);
INSERT INTO DBO.BANGDIEM VALUES('18120560', 'INTE05', NULL);
INSERT INTO DBO.BANGDIEM VALUES('18120560', 'INTE06', NULL);
INSERT INTO DBO.BANGDIEM VALUES('18120560', 'INTE07', NULL);
INSERT INTO DBO.BANGDIEM VALUES('18120560', 'INTE08', NULL);
INSERT INTO DBO.BANGDIEM VALUES('18120560', 'INTE09', NULL);
INSERT INTO DBO.BANGDIEM VALUES('18120560', 'DCVN01', NULL);
INSERT INTO DBO.BANGDIEM VALUES('18120560', 'DCVN02', NULL);
INSERT INTO DBO.BANGDIEM VALUES('18120560', 'DCVN03', NULL);
INSERT INTO DBO.BANGDIEM VALUES('18120570', 'MATH01', NULL);
INSERT INTO DBO.BANGDIEM VALUES('18120570', 'MATH02', NULL);
INSERT INTO DBO.BANGDIEM VALUES('18120570', 'MATH03', NULL);
INSERT INTO DBO.BANGDIEM VALUES('18120570', 'MATH04', NULL);
INSERT INTO DBO.BANGDIEM VALUES('18120570', 'MATH05', NULL);
INSERT INTO DBO.BANGDIEM VALUES('18120570', 'MATH06', NULL);
INSERT INTO DBO.BANGDIEM VALUES('18120570', 'MATH07', NULL);
INSERT INTO DBO.BANGDIEM VALUES('18120570', 'MATH08', NULL);
INSERT INTO DBO.BANGDIEM VALUES('18120570', 'MATH09', NULL);
INSERT INTO DBO.BANGDIEM VALUES('18120570', 'INTE01', NULL);
INSERT INTO DBO.BANGDIEM VALUES('18120570', 'INTE02', NULL);
INSERT INTO DBO.BANGDIEM VALUES('18120570', 'INTE03', NULL);
INSERT INTO DBO.BANGDIEM VALUES('18120570', 'INTE04', NULL);
INSERT INTO DBO.BANGDIEM VALUES('18120570', 'INTE05', NULL);
INSERT INTO DBO.BANGDIEM VALUES('18120570', 'INTE06', NULL);
INSERT INTO DBO.BANGDIEM VALUES('18120570', 'INTE07', NULL);
INSERT INTO DBO.BANGDIEM VALUES('18120570', 'INTE08', NULL);
INSERT INTO DBO.BANGDIEM VALUES('18120570', 'INTE09', NULL);
INSERT INTO DBO.BANGDIEM VALUES('18120570', 'DCVN01', NULL);
INSERT INTO DBO.BANGDIEM VALUES('18120570', 'DCVN02', NULL);
INSERT INTO DBO.BANGDIEM VALUES('18120570', 'DCVN03', NULL);
INSERT INTO DBO.BANGDIEM VALUES('18120590', 'MATH01', NULL);
INSERT INTO DBO.BANGDIEM VALUES('18120590', 'MATH02', NULL);
INSERT INTO DBO.BANGDIEM VALUES('18120590', 'MATH03', NULL);
INSERT INTO DBO.BANGDIEM VALUES('18120590', 'MATH04', NULL);
INSERT INTO DBO.BANGDIEM VALUES('18120590', 'MATH05', NULL);
INSERT INTO DBO.BANGDIEM VALUES('18120590', 'MATH06', NULL);
INSERT INTO DBO.BANGDIEM VALUES('18120590', 'MATH07', NULL);
INSERT INTO DBO.BANGDIEM VALUES('18120590', 'MATH08', NULL);
INSERT INTO DBO.BANGDIEM VALUES('18120590', 'MATH09', NULL);
INSERT INTO DBO.BANGDIEM VALUES('18120590', 'INTE01', NULL);
INSERT INTO DBO.BANGDIEM VALUES('18120590', 'INTE02', NULL);
INSERT INTO DBO.BANGDIEM VALUES('18120590', 'INTE03', NULL);
INSERT INTO DBO.BANGDIEM VALUES('18120590', 'INTE04', NULL);
INSERT INTO DBO.BANGDIEM VALUES('18120590', 'INTE05', NULL);
INSERT INTO DBO.BANGDIEM VALUES('18120590', 'INTE06', NULL);
INSERT INTO DBO.BANGDIEM VALUES('18120590', 'INTE07', NULL);
INSERT INTO DBO.BANGDIEM VALUES('18120590', 'INTE08', NULL);
INSERT INTO DBO.BANGDIEM VALUES('18120590', 'INTE09', NULL);
INSERT INTO DBO.BANGDIEM VALUES('18120590', 'DCVN01', NULL);
INSERT INTO DBO.BANGDIEM VALUES('18120590', 'DCVN02', NULL);
INSERT INTO DBO.BANGDIEM VALUES('18120590', 'DCVN03', NULL);
INSERT INTO DBO.BANGDIEM VALUES('18120513', 'MATH01', NULL);
INSERT INTO DBO.BANGDIEM VALUES('18120513', 'MATH02', NULL);
INSERT INTO DBO.BANGDIEM VALUES('18120513', 'MATH03', NULL);
INSERT INTO DBO.BANGDIEM VALUES('18120513', 'MATH04', NULL);
INSERT INTO DBO.BANGDIEM VALUES('18120513', 'MATH05', NULL);
INSERT INTO DBO.BANGDIEM VALUES('18120513', 'MATH06', NULL);
INSERT INTO DBO.BANGDIEM VALUES('18120513', 'MATH07', NULL);
INSERT INTO DBO.BANGDIEM VALUES('18120513', 'MATH08', NULL);
INSERT INTO DBO.BANGDIEM VALUES('18120513', 'MATH09', NULL);
INSERT INTO DBO.BANGDIEM VALUES('18120513', 'INTE01', NULL);
INSERT INTO DBO.BANGDIEM VALUES('18120513', 'INTE02', NULL);
INSERT INTO DBO.BANGDIEM VALUES('18120513', 'INTE03', NULL);
INSERT INTO DBO.BANGDIEM VALUES('18120513', 'INTE04', NULL);
INSERT INTO DBO.BANGDIEM VALUES('18120513', 'INTE05', NULL);
INSERT INTO DBO.BANGDIEM VALUES('18120513', 'INTE06', NULL);
INSERT INTO DBO.BANGDIEM VALUES('18120513', 'INTE07', NULL);
INSERT INTO DBO.BANGDIEM VALUES('18120513', 'INTE08', NULL);
INSERT INTO DBO.BANGDIEM VALUES('18120513', 'INTE09', NULL);
INSERT INTO DBO.BANGDIEM VALUES('18120513', 'DCVN01', NULL);
INSERT INTO DBO.BANGDIEM VALUES('18120513', 'DCVN02', NULL);
INSERT INTO DBO.BANGDIEM VALUES('18120513', 'DCVN03', NULL);
INSERT INTO DBO.BANGDIEM VALUES('18120635', 'MATH01', NULL);
INSERT INTO DBO.BANGDIEM VALUES('18120635', 'MATH02', NULL);
INSERT INTO DBO.BANGDIEM VALUES('18120635', 'MATH03', NULL);
INSERT INTO DBO.BANGDIEM VALUES('18120635', 'MATH04', NULL);
INSERT INTO DBO.BANGDIEM VALUES('18120635', 'MATH05', NULL);
INSERT INTO DBO.BANGDIEM VALUES('18120635', 'MATH06', NULL);
INSERT INTO DBO.BANGDIEM VALUES('18120635', 'MATH07', NULL);
INSERT INTO DBO.BANGDIEM VALUES('18120635', 'MATH08', NULL);
INSERT INTO DBO.BANGDIEM VALUES('18120635', 'MATH09', NULL);
INSERT INTO DBO.BANGDIEM VALUES('18120635', 'INTE01', NULL);
INSERT INTO DBO.BANGDIEM VALUES('18120635', 'INTE02', NULL);
INSERT INTO DBO.BANGDIEM VALUES('18120635', 'INTE03', NULL);
INSERT INTO DBO.BANGDIEM VALUES('18120635', 'INTE04', NULL);
INSERT INTO DBO.BANGDIEM VALUES('18120635', 'INTE05', NULL);
INSERT INTO DBO.BANGDIEM VALUES('18120635', 'INTE06', NULL);
INSERT INTO DBO.BANGDIEM VALUES('18120635', 'INTE07', NULL);
INSERT INTO DBO.BANGDIEM VALUES('18120635', 'INTE08', NULL);
INSERT INTO DBO.BANGDIEM VALUES('18120635', 'INTE09', NULL);
INSERT INTO DBO.BANGDIEM VALUES('18120635', 'DCVN01', NULL);
INSERT INTO DBO.BANGDIEM VALUES('18120635', 'DCVN02', NULL);
INSERT INTO DBO.BANGDIEM VALUES('18120635', 'DCVN03', NULL);
INSERT INTO DBO.BANGDIEM VALUES('18120636', 'MATH01', NULL);
INSERT INTO DBO.BANGDIEM VALUES('18120636', 'MATH02', NULL);
INSERT INTO DBO.BANGDIEM VALUES('18120636', 'MATH03', NULL);
INSERT INTO DBO.BANGDIEM VALUES('18120636', 'MATH04', NULL);
INSERT INTO DBO.BANGDIEM VALUES('18120636', 'MATH05', NULL);
INSERT INTO DBO.BANGDIEM VALUES('18120636', 'MATH06', NULL);
INSERT INTO DBO.BANGDIEM VALUES('18120636', 'MATH07', NULL);
INSERT INTO DBO.BANGDIEM VALUES('18120636', 'MATH08', NULL);
INSERT INTO DBO.BANGDIEM VALUES('18120636', 'MATH09', NULL);
INSERT INTO DBO.BANGDIEM VALUES('18120636', 'INTE01', NULL);
INSERT INTO DBO.BANGDIEM VALUES('18120636', 'INTE02', NULL);
INSERT INTO DBO.BANGDIEM VALUES('18120636', 'INTE03', NULL);
INSERT INTO DBO.BANGDIEM VALUES('18120636', 'INTE04', NULL);
INSERT INTO DBO.BANGDIEM VALUES('18120636', 'INTE05', NULL);
INSERT INTO DBO.BANGDIEM VALUES('18120636', 'INTE06', NULL);
INSERT INTO DBO.BANGDIEM VALUES('18120636', 'INTE07', NULL);
INSERT INTO DBO.BANGDIEM VALUES('18120636', 'INTE08', NULL);
INSERT INTO DBO.BANGDIEM VALUES('18120636', 'INTE09', NULL);
INSERT INTO DBO.BANGDIEM VALUES('18120636', 'DCVN01', NULL);
INSERT INTO DBO.BANGDIEM VALUES('18120636', 'DCVN02', NULL);
INSERT INTO DBO.BANGDIEM VALUES('18120636', 'DCVN03', NULL);
INSERT INTO DBO.BANGDIEM VALUES('18120254', 'MATH01', NULL);
INSERT INTO DBO.BANGDIEM VALUES('18120254', 'MATH02', NULL);
INSERT INTO DBO.BANGDIEM VALUES('18120254', 'MATH03', NULL);
INSERT INTO DBO.BANGDIEM VALUES('18120254', 'MATH04', NULL);
INSERT INTO DBO.BANGDIEM VALUES('18120254', 'MATH05', NULL);
INSERT INTO DBO.BANGDIEM VALUES('18120254', 'MATH06', NULL);
INSERT INTO DBO.BANGDIEM VALUES('18120254', 'MATH07', NULL);
INSERT INTO DBO.BANGDIEM VALUES('18120254', 'MATH08', NULL);
INSERT INTO DBO.BANGDIEM VALUES('18120254', 'MATH09', NULL);
INSERT INTO DBO.BANGDIEM VALUES('18120254', 'INTE01', NULL);
INSERT INTO DBO.BANGDIEM VALUES('18120254', 'INTE02', NULL);
INSERT INTO DBO.BANGDIEM VALUES('18120254', 'INTE03', NULL);
INSERT INTO DBO.BANGDIEM VALUES('18120254', 'INTE04', NULL);
INSERT INTO DBO.BANGDIEM VALUES('18120254', 'INTE05', NULL);
INSERT INTO DBO.BANGDIEM VALUES('18120254', 'INTE06', NULL);
INSERT INTO DBO.BANGDIEM VALUES('18120254', 'INTE07', NULL);
INSERT INTO DBO.BANGDIEM VALUES('18120254', 'INTE08', NULL);
INSERT INTO DBO.BANGDIEM VALUES('18120254', 'INTE09', NULL);
INSERT INTO DBO.BANGDIEM VALUES('18120254', 'DCVN01', NULL);
INSERT INTO DBO.BANGDIEM VALUES('18120254', 'DCVN02', NULL);
INSERT INTO DBO.BANGDIEM VALUES('18120254', 'DCVN03', NULL);
INSERT INTO DBO.BANGDIEM VALUES('18120035', 'MATH01', NULL);
INSERT INTO DBO.BANGDIEM VALUES('18120035', 'MATH02', NULL);
INSERT INTO DBO.BANGDIEM VALUES('18120035', 'MATH03', NULL);
INSERT INTO DBO.BANGDIEM VALUES('18120035', 'MATH04', NULL);
INSERT INTO DBO.BANGDIEM VALUES('18120035', 'MATH05', NULL);
INSERT INTO DBO.BANGDIEM VALUES('18120035', 'MATH06', NULL);
INSERT INTO DBO.BANGDIEM VALUES('18120035', 'MATH07', NULL);
INSERT INTO DBO.BANGDIEM VALUES('18120035', 'MATH08', NULL);
INSERT INTO DBO.BANGDIEM VALUES('18120035', 'MATH09', NULL);
INSERT INTO DBO.BANGDIEM VALUES('18120035', 'INTE01', NULL);
INSERT INTO DBO.BANGDIEM VALUES('18120035', 'INTE02', NULL);
INSERT INTO DBO.BANGDIEM VALUES('18120035', 'INTE03', NULL);
INSERT INTO DBO.BANGDIEM VALUES('18120035', 'INTE04', NULL);
INSERT INTO DBO.BANGDIEM VALUES('18120035', 'INTE05', NULL);
INSERT INTO DBO.BANGDIEM VALUES('18120035', 'INTE06', NULL);
INSERT INTO DBO.BANGDIEM VALUES('18120035', 'INTE07', NULL);
INSERT INTO DBO.BANGDIEM VALUES('18120035', 'INTE08', NULL);
INSERT INTO DBO.BANGDIEM VALUES('18120035', 'INTE09', NULL);
INSERT INTO DBO.BANGDIEM VALUES('18120035', 'DCVN01', NULL);
INSERT INTO DBO.BANGDIEM VALUES('18120035', 'DCVN02', NULL);
INSERT INTO DBO.BANGDIEM VALUES('18120035', 'DCVN03', NULL);
INSERT INTO DBO.BANGDIEM VALUES('18120263', 'MATH01', NULL);
INSERT INTO DBO.BANGDIEM VALUES('18120263', 'MATH02', NULL);
INSERT INTO DBO.BANGDIEM VALUES('18120263', 'MATH03', NULL);
INSERT INTO DBO.BANGDIEM VALUES('18120263', 'MATH04', NULL);
INSERT INTO DBO.BANGDIEM VALUES('18120263', 'MATH05', NULL);
INSERT INTO DBO.BANGDIEM VALUES('18120263', 'MATH06', NULL);
INSERT INTO DBO.BANGDIEM VALUES('18120263', 'MATH07', NULL);
INSERT INTO DBO.BANGDIEM VALUES('18120263', 'MATH08', NULL);
INSERT INTO DBO.BANGDIEM VALUES('18120263', 'MATH09', NULL);
INSERT INTO DBO.BANGDIEM VALUES('18120263', 'INTE01', NULL);
INSERT INTO DBO.BANGDIEM VALUES('18120263', 'INTE02', NULL);
INSERT INTO DBO.BANGDIEM VALUES('18120263', 'INTE03', NULL);
INSERT INTO DBO.BANGDIEM VALUES('18120263', 'INTE04', NULL);
INSERT INTO DBO.BANGDIEM VALUES('18120263', 'INTE05', NULL);
INSERT INTO DBO.BANGDIEM VALUES('18120263', 'INTE06', NULL);
INSERT INTO DBO.BANGDIEM VALUES('18120263', 'INTE07', NULL);
INSERT INTO DBO.BANGDIEM VALUES('18120263', 'INTE08', NULL);
INSERT INTO DBO.BANGDIEM VALUES('18120263', 'INTE09', NULL);
INSERT INTO DBO.BANGDIEM VALUES('18120263', 'DCVN01', NULL);
INSERT INTO DBO.BANGDIEM VALUES('18120263', 'DCVN02', NULL);
INSERT INTO DBO.BANGDIEM VALUES('18120263', 'DCVN03', NULL);
INSERT INTO DBO.BANGDIEM VALUES('18120154', 'MATH01', NULL);
INSERT INTO DBO.BANGDIEM VALUES('18120154', 'MATH02', NULL);
INSERT INTO DBO.BANGDIEM VALUES('18120154', 'MATH03', NULL);
INSERT INTO DBO.BANGDIEM VALUES('18120154', 'MATH04', NULL);
INSERT INTO DBO.BANGDIEM VALUES('18120154', 'MATH05', NULL);
INSERT INTO DBO.BANGDIEM VALUES('18120154', 'MATH06', NULL);
INSERT INTO DBO.BANGDIEM VALUES('18120154', 'MATH07', NULL);
INSERT INTO DBO.BANGDIEM VALUES('18120154', 'MATH08', NULL);
INSERT INTO DBO.BANGDIEM VALUES('18120154', 'MATH09', NULL);
INSERT INTO DBO.BANGDIEM VALUES('18120154', 'INTE01', NULL);
INSERT INTO DBO.BANGDIEM VALUES('18120154', 'INTE02', NULL);
INSERT INTO DBO.BANGDIEM VALUES('18120154', 'INTE03', NULL);
INSERT INTO DBO.BANGDIEM VALUES('18120154', 'INTE04', NULL);
INSERT INTO DBO.BANGDIEM VALUES('18120154', 'INTE05', NULL);
INSERT INTO DBO.BANGDIEM VALUES('18120154', 'INTE06', NULL);
INSERT INTO DBO.BANGDIEM VALUES('18120154', 'INTE07', NULL);
INSERT INTO DBO.BANGDIEM VALUES('18120154', 'INTE08', NULL);
INSERT INTO DBO.BANGDIEM VALUES('18120154', 'INTE09', NULL);
INSERT INTO DBO.BANGDIEM VALUES('18120154', 'DCVN01', NULL);
INSERT INTO DBO.BANGDIEM VALUES('18120154', 'DCVN02', NULL);
INSERT INTO DBO.BANGDIEM VALUES('18120154', 'DCVN03', NULL);
INSERT INTO DBO.BANGDIEM VALUES('18120180', 'MATH01', NULL);
INSERT INTO DBO.BANGDIEM VALUES('18120180', 'MATH02', NULL);
INSERT INTO DBO.BANGDIEM VALUES('18120180', 'MATH03', NULL);
INSERT INTO DBO.BANGDIEM VALUES('18120180', 'MATH04', NULL);
INSERT INTO DBO.BANGDIEM VALUES('18120180', 'MATH05', NULL);
INSERT INTO DBO.BANGDIEM VALUES('18120180', 'MATH06', NULL);
INSERT INTO DBO.BANGDIEM VALUES('18120180', 'MATH07', NULL);
INSERT INTO DBO.BANGDIEM VALUES('18120180', 'MATH08', NULL);
INSERT INTO DBO.BANGDIEM VALUES('18120180', 'MATH09', NULL);
INSERT INTO DBO.BANGDIEM VALUES('18120180', 'INTE01', NULL);
INSERT INTO DBO.BANGDIEM VALUES('18120180', 'INTE02', NULL);
INSERT INTO DBO.BANGDIEM VALUES('18120180', 'INTE03', NULL);
INSERT INTO DBO.BANGDIEM VALUES('18120180', 'INTE04', NULL);
INSERT INTO DBO.BANGDIEM VALUES('18120180', 'INTE05', NULL);
INSERT INTO DBO.BANGDIEM VALUES('18120180', 'INTE06', NULL);
INSERT INTO DBO.BANGDIEM VALUES('18120180', 'INTE07', NULL);
INSERT INTO DBO.BANGDIEM VALUES('18120180', 'INTE08', NULL);
INSERT INTO DBO.BANGDIEM VALUES('18120180', 'INTE09', NULL);
INSERT INTO DBO.BANGDIEM VALUES('18120180', 'DCVN01', NULL);
INSERT INTO DBO.BANGDIEM VALUES('18120180', 'DCVN02', NULL);
INSERT INTO DBO.BANGDIEM VALUES('18120180', 'DCVN03', NULL);
INSERT INTO DBO.BANGDIEM VALUES('18120072', 'MATH01', NULL);
INSERT INTO DBO.BANGDIEM VALUES('18120072', 'MATH02', NULL);
INSERT INTO DBO.BANGDIEM VALUES('18120072', 'MATH03', NULL);
INSERT INTO DBO.BANGDIEM VALUES('18120072', 'MATH04', NULL);
INSERT INTO DBO.BANGDIEM VALUES('18120072', 'MATH05', NULL);
INSERT INTO DBO.BANGDIEM VALUES('18120072', 'MATH06', NULL);
INSERT INTO DBO.BANGDIEM VALUES('18120072', 'MATH07', NULL);
INSERT INTO DBO.BANGDIEM VALUES('18120072', 'MATH08', NULL);
INSERT INTO DBO.BANGDIEM VALUES('18120072', 'MATH09', NULL);
INSERT INTO DBO.BANGDIEM VALUES('18120072', 'INTE01', NULL);
INSERT INTO DBO.BANGDIEM VALUES('18120072', 'INTE02', NULL);
INSERT INTO DBO.BANGDIEM VALUES('18120072', 'INTE03', NULL);
INSERT INTO DBO.BANGDIEM VALUES('18120072', 'INTE04', NULL);
INSERT INTO DBO.BANGDIEM VALUES('18120072', 'INTE05', NULL);
INSERT INTO DBO.BANGDIEM VALUES('18120072', 'INTE06', NULL);
INSERT INTO DBO.BANGDIEM VALUES('18120072', 'INTE07', NULL);
INSERT INTO DBO.BANGDIEM VALUES('18120072', 'INTE08', NULL);
INSERT INTO DBO.BANGDIEM VALUES('18120072', 'INTE09', NULL);
INSERT INTO DBO.BANGDIEM VALUES('18120072', 'DCVN01', NULL);
INSERT INTO DBO.BANGDIEM VALUES('18120072', 'DCVN02', NULL);
INSERT INTO DBO.BANGDIEM VALUES('18120072', 'DCVN03', NULL);
INSERT INTO DBO.BANGDIEM VALUES('18120098', 'MATH01', NULL);
INSERT INTO DBO.BANGDIEM VALUES('18120098', 'MATH02', NULL);
INSERT INTO DBO.BANGDIEM VALUES('18120098', 'MATH03', NULL);
INSERT INTO DBO.BANGDIEM VALUES('18120098', 'MATH04', NULL);
INSERT INTO DBO.BANGDIEM VALUES('18120098', 'MATH05', NULL);
INSERT INTO DBO.BANGDIEM VALUES('18120098', 'MATH06', NULL);
INSERT INTO DBO.BANGDIEM VALUES('18120098', 'MATH07', NULL);
INSERT INTO DBO.BANGDIEM VALUES('18120098', 'MATH08', NULL);
INSERT INTO DBO.BANGDIEM VALUES('18120098', 'MATH09', NULL);
INSERT INTO DBO.BANGDIEM VALUES('18120098', 'INTE01', NULL);
INSERT INTO DBO.BANGDIEM VALUES('18120098', 'INTE02', NULL);
INSERT INTO DBO.BANGDIEM VALUES('18120098', 'INTE03', NULL);
INSERT INTO DBO.BANGDIEM VALUES('18120098', 'INTE04', NULL);
INSERT INTO DBO.BANGDIEM VALUES('18120098', 'INTE05', NULL);
INSERT INTO DBO.BANGDIEM VALUES('18120098', 'INTE06', NULL);
INSERT INTO DBO.BANGDIEM VALUES('18120098', 'INTE07', NULL);
INSERT INTO DBO.BANGDIEM VALUES('18120098', 'INTE08', NULL);
INSERT INTO DBO.BANGDIEM VALUES('18120098', 'INTE09', NULL);
INSERT INTO DBO.BANGDIEM VALUES('18120098', 'DCVN01', NULL);
INSERT INTO DBO.BANGDIEM VALUES('18120098', 'DCVN02', NULL);
INSERT INTO DBO.BANGDIEM VALUES('18120098', 'DCVN03', NULL);
INSERT INTO DBO.BANGDIEM VALUES('18120176', 'MATH01', NULL);
INSERT INTO DBO.BANGDIEM VALUES('18120176', 'MATH02', NULL);
INSERT INTO DBO.BANGDIEM VALUES('18120176', 'MATH03', NULL);
INSERT INTO DBO.BANGDIEM VALUES('18120176', 'MATH04', NULL);
INSERT INTO DBO.BANGDIEM VALUES('18120176', 'MATH05', NULL);
INSERT INTO DBO.BANGDIEM VALUES('18120176', 'MATH06', NULL);
INSERT INTO DBO.BANGDIEM VALUES('18120176', 'MATH07', NULL);
INSERT INTO DBO.BANGDIEM VALUES('18120176', 'MATH08', NULL);
INSERT INTO DBO.BANGDIEM VALUES('18120176', 'MATH09', NULL);
INSERT INTO DBO.BANGDIEM VALUES('18120176', 'INTE01', NULL);
INSERT INTO DBO.BANGDIEM VALUES('18120176', 'INTE02', NULL);
INSERT INTO DBO.BANGDIEM VALUES('18120176', 'INTE03', NULL);
INSERT INTO DBO.BANGDIEM VALUES('18120176', 'INTE04', NULL);
INSERT INTO DBO.BANGDIEM VALUES('18120176', 'INTE05', NULL);
INSERT INTO DBO.BANGDIEM VALUES('18120176', 'INTE06', NULL);
INSERT INTO DBO.BANGDIEM VALUES('18120176', 'INTE07', NULL);
INSERT INTO DBO.BANGDIEM VALUES('18120176', 'INTE08', NULL);
INSERT INTO DBO.BANGDIEM VALUES('18120176', 'INTE09', NULL);
INSERT INTO DBO.BANGDIEM VALUES('18120176', 'DCVN01', NULL);
INSERT INTO DBO.BANGDIEM VALUES('18120176', 'DCVN02', NULL);
INSERT INTO DBO.BANGDIEM VALUES('18120176', 'DCVN03', NULL);
INSERT INTO DBO.BANGDIEM VALUES('1612647', 'MATH01', NULL);
INSERT INTO DBO.BANGDIEM VALUES('1612647', 'MATH02', NULL);
INSERT INTO DBO.BANGDIEM VALUES('1612647', 'MATH03', NULL);
INSERT INTO DBO.BANGDIEM VALUES('1612647', 'MATH04', NULL);
INSERT INTO DBO.BANGDIEM VALUES('1612647', 'MATH05', NULL);
INSERT INTO DBO.BANGDIEM VALUES('1612647', 'MATH06', NULL);
INSERT INTO DBO.BANGDIEM VALUES('1612647', 'MATH07', NULL);
INSERT INTO DBO.BANGDIEM VALUES('1612647', 'MATH08', NULL);
INSERT INTO DBO.BANGDIEM VALUES('1612647', 'MATH09', NULL);
INSERT INTO DBO.BANGDIEM VALUES('1612647', 'INTE01', NULL);
INSERT INTO DBO.BANGDIEM VALUES('1612647', 'INTE02', NULL);
INSERT INTO DBO.BANGDIEM VALUES('1612647', 'INTE03', NULL);
INSERT INTO DBO.BANGDIEM VALUES('1612647', 'INTE04', NULL);
INSERT INTO DBO.BANGDIEM VALUES('1612647', 'INTE05', NULL);
INSERT INTO DBO.BANGDIEM VALUES('1612647', 'INTE06', NULL);
INSERT INTO DBO.BANGDIEM VALUES('1612647', 'INTE07', NULL);
INSERT INTO DBO.BANGDIEM VALUES('1612647', 'INTE08', NULL);
INSERT INTO DBO.BANGDIEM VALUES('1612647', 'INTE09', NULL);
INSERT INTO DBO.BANGDIEM VALUES('1612647', 'DCVN01', NULL);
INSERT INTO DBO.BANGDIEM VALUES('1612647', 'DCVN02', NULL);
INSERT INTO DBO.BANGDIEM VALUES('1612647', 'DCVN03', NULL);
INSERT INTO DBO.BANGDIEM VALUES('18120217', 'MATH01', NULL);
INSERT INTO DBO.BANGDIEM VALUES('18120217', 'MATH02', NULL);
INSERT INTO DBO.BANGDIEM VALUES('18120217', 'MATH03', NULL);
INSERT INTO DBO.BANGDIEM VALUES('18120217', 'MATH04', NULL);
INSERT INTO DBO.BANGDIEM VALUES('18120217', 'MATH05', NULL);
INSERT INTO DBO.BANGDIEM VALUES('18120217', 'MATH06', NULL);
INSERT INTO DBO.BANGDIEM VALUES('18120217', 'MATH07', NULL);
INSERT INTO DBO.BANGDIEM VALUES('18120217', 'MATH08', NULL);
INSERT INTO DBO.BANGDIEM VALUES('18120217', 'MATH09', NULL);
INSERT INTO DBO.BANGDIEM VALUES('18120217', 'INTE01', NULL);
INSERT INTO DBO.BANGDIEM VALUES('18120217', 'INTE02', NULL);
INSERT INTO DBO.BANGDIEM VALUES('18120217', 'INTE03', NULL);
INSERT INTO DBO.BANGDIEM VALUES('18120217', 'INTE04', NULL);
INSERT INTO DBO.BANGDIEM VALUES('18120217', 'INTE05', NULL);
INSERT INTO DBO.BANGDIEM VALUES('18120217', 'INTE06', NULL);
INSERT INTO DBO.BANGDIEM VALUES('18120217', 'INTE07', NULL);
INSERT INTO DBO.BANGDIEM VALUES('18120217', 'INTE08', NULL);
INSERT INTO DBO.BANGDIEM VALUES('18120217', 'INTE09', NULL);
INSERT INTO DBO.BANGDIEM VALUES('18120217', 'DCVN01', NULL);
INSERT INTO DBO.BANGDIEM VALUES('18120217', 'DCVN02', NULL);
INSERT INTO DBO.BANGDIEM VALUES('18120217', 'DCVN03', NULL);
INSERT INTO DBO.BANGDIEM VALUES('18120437', 'MATH01', NULL);
INSERT INTO DBO.BANGDIEM VALUES('18120437', 'MATH02', NULL);
INSERT INTO DBO.BANGDIEM VALUES('18120437', 'MATH03', NULL);
INSERT INTO DBO.BANGDIEM VALUES('18120437', 'MATH04', NULL);
INSERT INTO DBO.BANGDIEM VALUES('18120437', 'MATH05', NULL);
INSERT INTO DBO.BANGDIEM VALUES('18120437', 'MATH06', NULL);
INSERT INTO DBO.BANGDIEM VALUES('18120437', 'MATH07', NULL);
INSERT INTO DBO.BANGDIEM VALUES('18120437', 'MATH08', NULL);
INSERT INTO DBO.BANGDIEM VALUES('18120437', 'MATH09', NULL);
INSERT INTO DBO.BANGDIEM VALUES('18120437', 'INTE01', NULL);
INSERT INTO DBO.BANGDIEM VALUES('18120437', 'INTE02', NULL);
INSERT INTO DBO.BANGDIEM VALUES('18120437', 'INTE03', NULL);
INSERT INTO DBO.BANGDIEM VALUES('18120437', 'INTE04', NULL);
INSERT INTO DBO.BANGDIEM VALUES('18120437', 'INTE05', NULL);
INSERT INTO DBO.BANGDIEM VALUES('18120437', 'INTE06', NULL);
INSERT INTO DBO.BANGDIEM VALUES('18120437', 'INTE07', NULL);
INSERT INTO DBO.BANGDIEM VALUES('18120437', 'INTE08', NULL);
INSERT INTO DBO.BANGDIEM VALUES('18120437', 'INTE09', NULL);
INSERT INTO DBO.BANGDIEM VALUES('18120437', 'DCVN01', NULL);
INSERT INTO DBO.BANGDIEM VALUES('18120437', 'DCVN02', NULL);
INSERT INTO DBO.BANGDIEM VALUES('18120437', 'DCVN03', NULL);
INSERT INTO DBO.BANGDIEM VALUES('18120281', 'MATH01', NULL);
INSERT INTO DBO.BANGDIEM VALUES('18120281', 'MATH02', NULL);
INSERT INTO DBO.BANGDIEM VALUES('18120281', 'MATH03', NULL);
INSERT INTO DBO.BANGDIEM VALUES('18120281', 'MATH04', NULL);
INSERT INTO DBO.BANGDIEM VALUES('18120281', 'MATH05', NULL);
INSERT INTO DBO.BANGDIEM VALUES('18120281', 'MATH06', NULL);
INSERT INTO DBO.BANGDIEM VALUES('18120281', 'MATH07', NULL);
INSERT INTO DBO.BANGDIEM VALUES('18120281', 'MATH08', NULL);
INSERT INTO DBO.BANGDIEM VALUES('18120281', 'MATH09', NULL);
INSERT INTO DBO.BANGDIEM VALUES('18120281', 'INTE01', NULL);
INSERT INTO DBO.BANGDIEM VALUES('18120281', 'INTE02', NULL);
INSERT INTO DBO.BANGDIEM VALUES('18120281', 'INTE03', NULL);
INSERT INTO DBO.BANGDIEM VALUES('18120281', 'INTE04', NULL);
INSERT INTO DBO.BANGDIEM VALUES('18120281', 'INTE05', NULL);
INSERT INTO DBO.BANGDIEM VALUES('18120281', 'INTE06', NULL);
INSERT INTO DBO.BANGDIEM VALUES('18120281', 'INTE07', NULL);
INSERT INTO DBO.BANGDIEM VALUES('18120281', 'INTE08', NULL);
INSERT INTO DBO.BANGDIEM VALUES('18120281', 'INTE09', NULL);
INSERT INTO DBO.BANGDIEM VALUES('18120281', 'DCVN01', NULL);
INSERT INTO DBO.BANGDIEM VALUES('18120281', 'DCVN02', NULL);
INSERT INTO DBO.BANGDIEM VALUES('18120281', 'DCVN03', NULL);
INSERT INTO DBO.BANGDIEM VALUES('18120065', 'MATH01', NULL);
INSERT INTO DBO.BANGDIEM VALUES('18120065', 'MATH02', NULL);
INSERT INTO DBO.BANGDIEM VALUES('18120065', 'MATH03', NULL);
INSERT INTO DBO.BANGDIEM VALUES('18120065', 'MATH04', NULL);
INSERT INTO DBO.BANGDIEM VALUES('18120065', 'MATH05', NULL);
INSERT INTO DBO.BANGDIEM VALUES('18120065', 'MATH06', NULL);
INSERT INTO DBO.BANGDIEM VALUES('18120065', 'MATH07', NULL);
INSERT INTO DBO.BANGDIEM VALUES('18120065', 'MATH08', NULL);
INSERT INTO DBO.BANGDIEM VALUES('18120065', 'MATH09', NULL);
INSERT INTO DBO.BANGDIEM VALUES('18120065', 'INTE01', NULL);
INSERT INTO DBO.BANGDIEM VALUES('18120065', 'INTE02', NULL);
INSERT INTO DBO.BANGDIEM VALUES('18120065', 'INTE03', NULL);
INSERT INTO DBO.BANGDIEM VALUES('18120065', 'INTE04', NULL);
INSERT INTO DBO.BANGDIEM VALUES('18120065', 'INTE05', NULL);
INSERT INTO DBO.BANGDIEM VALUES('18120065', 'INTE06', NULL);
INSERT INTO DBO.BANGDIEM VALUES('18120065', 'INTE07', NULL);
INSERT INTO DBO.BANGDIEM VALUES('18120065', 'INTE08', NULL);
INSERT INTO DBO.BANGDIEM VALUES('18120065', 'INTE09', NULL);
INSERT INTO DBO.BANGDIEM VALUES('18120065', 'DCVN01', NULL);
INSERT INTO DBO.BANGDIEM VALUES('18120065', 'DCVN02', NULL);
INSERT INTO DBO.BANGDIEM VALUES('18120065', 'DCVN03', NULL);
INSERT INTO DBO.BANGDIEM VALUES('1712779', 'MATH01', NULL);
INSERT INTO DBO.BANGDIEM VALUES('1712779', 'MATH02', NULL);
INSERT INTO DBO.BANGDIEM VALUES('1712779', 'MATH03', NULL);
INSERT INTO DBO.BANGDIEM VALUES('1712779', 'MATH04', NULL);
INSERT INTO DBO.BANGDIEM VALUES('1712779', 'MATH05', NULL);
INSERT INTO DBO.BANGDIEM VALUES('1712779', 'MATH06', NULL);
INSERT INTO DBO.BANGDIEM VALUES('1712779', 'MATH07', NULL);
INSERT INTO DBO.BANGDIEM VALUES('1712779', 'MATH08', NULL);
INSERT INTO DBO.BANGDIEM VALUES('1712779', 'MATH09', NULL);
INSERT INTO DBO.BANGDIEM VALUES('1712779', 'INTE01', NULL);
INSERT INTO DBO.BANGDIEM VALUES('1712779', 'INTE02', NULL);
INSERT INTO DBO.BANGDIEM VALUES('1712779', 'INTE03', NULL);
INSERT INTO DBO.BANGDIEM VALUES('1712779', 'INTE04', NULL);
INSERT INTO DBO.BANGDIEM VALUES('1712779', 'INTE05', NULL);
INSERT INTO DBO.BANGDIEM VALUES('1712779', 'INTE06', NULL);
INSERT INTO DBO.BANGDIEM VALUES('1712779', 'INTE07', NULL);
INSERT INTO DBO.BANGDIEM VALUES('1712779', 'INTE08', NULL);
INSERT INTO DBO.BANGDIEM VALUES('1712779', 'INTE09', NULL);
INSERT INTO DBO.BANGDIEM VALUES('1712779', 'DCVN01', NULL);
INSERT INTO DBO.BANGDIEM VALUES('1712779', 'DCVN02', NULL);
INSERT INTO DBO.BANGDIEM VALUES('1612647', 'MATH01', NULL);
INSERT INTO DBO.BANGDIEM VALUES('1612647', 'MATH02', NULL);
INSERT INTO DBO.BANGDIEM VALUES('1612647', 'MATH03', NULL);
INSERT INTO DBO.BANGDIEM VALUES('1612647', 'MATH05', NULL);
INSERT INTO DBO.BANGDIEM VALUES('1612647', 'MATH07', NULL);
INSERT INTO DBO.BANGDIEM VALUES('1612647', 'MATH09', NULL);
INSERT INTO DBO.BANGDIEM VALUES('1612647', 'INTE02', NULL);
INSERT INTO DBO.BANGDIEM VALUES('1612647', 'INTE04', NULL);
INSERT INTO DBO.BANGDIEM VALUES('1612647', 'INTE06', NULL);
INSERT INTO DBO.BANGDIEM VALUES('1612647', 'INTE08', NULL);
INSERT INTO DBO.BANGDIEM VALUES('1612647', 'DCVN01', NULL);
INSERT INTO DBO.BANGDIEM VALUES('1612647', 'DCVN03', NULL);

SELECT * FROM DBO.BANGDIEM;
GO